NUMERO_PLACA,MARCA,COLOR,ANIO DE MATRICULA,MODELO,CLASE,FECHA DE MATRICULA,ANIO,SERVICIO,FECHA DE CADUCIDAD
AA099C,PIAGGIO,VERDE,2017,APE CITY PASSENGER,MOTOCICLETA,30-08-2017,2010,USO PUBLICO, ,
AA430G,TVS,VERDE,2016,KING,MOTOCICLETA,18-04-2016,2016,USO PUBLICO,17-04-2021,
AA794F,TVS,AMARILLO,2015,KING,MOTOCICLETA,23-07-2015,2014,USO PARTICULAR, ,
AB552U,SUZUKI,ROJO,2017,GSX150,MOTOCICLETA,04-12-2017,2018,USO PARTICULAR,03-12-2022,
AB888C,SHINERAY,NEGRO,2018,XY200GY-6I,MOTOCICLETA,02-06-2018,2018,USO PARTICULAR,22-10-2024,
ABA2390,PEUGEOT,ROJO,2014,207 COMPACT ONE LINE 1.4 5P,AUTOMOVIL,05-09-2014,2009,USO PARTICULAR,30-11-2018,
ABA9276,HYUNDAI,BLANCO,2018,HD72 3.9 2P 4X2 TM DIESEL,CAMION,03-09-2018,2010,USO PUBLICO,02-09-2023,
ABA9541,CHEVROLET,BLANCO,2019,SILVERADO HIBRIDO,CAMIONETA,18-09-2019,2009,USO PARTICULAR,16-09-2024,
ABB3343,FORD,ROJO,2014,F 150 DOBLE CABINA 4X2 W1C,CAMIONETA,12-02-2014,2010,USO PARTICULAR,19-06-2022,
ABC1524,CHEVROLET,BLANCO,2018,LUV D-MAX 3.0L DIESEL CD TM 4X4,CAMIONETA,16-05-2018,2009,USO PARTICULAR,15-05-2023,
ABC8923,CHEVROLET,BLANCO,2017,LUV D-MAX CD OPTIMA TM 2.4 4X2,CAMIONETA,14-02-2017,2013,USO PARTICULAR,13-02-2022,
ABH2714,CHERY,BLANCO,2018,A13T TIGGO2 LUX AC 1.5 5P 4X2 TM,SIN VALOR,04-05-2018,2019,USO PARTICULAR,03-05-2023,
AC168M,LONCIN,NEGRO,2018,LX250-11,MOTOCICLETA,21-09-2018,2015,USO PARTICULAR,20-09-2023,
AC659M,BAJAJ,AZUL,2017,PULSAR 135 LS,MOTOCICLETA,03-10-2017,2015,USO PARTICULAR,02-10-2022,
AE070B,SUKIDA,NEGRO,2019,SKRS 250 S STANDAR VERSION,MOTOCICLETA,03-07-2019,2017,USO PARTICULAR,01-07-2024,
AFY0467,MAZDA,VINO,2016,BT-50 2.2 CD,CAMIONETA,17-11-2016,2009,USO PARTICULAR, ,
AGF0374,CHEVROLET,PLOMO,2016,AVEO EMOTION 1.6L GLS NEXT,AUTOMOVIL,20-12-2016,2009,USO PARTICULAR,28-12-2021,
AGF0714,CHEVROLET,ROJO,2018,LUV D-MAX 2.4L CD TM 4X2,CAMIONETA,20-06-2018,2009,USO PARTICULAR,19-06-2023,
BBJ0247,CHEVROLET,AZUL,2016,AVEO ACTIVO 1.6L 5P STD,AUTOMOVIL,07-12-2016,2010,USO PARTICULAR,06-12-2021,
BBJ0285,KENWORTH,AMARILLO,2016,T 800,UNIDAD DE CARGA Y REMOLQUE,19-12-2016,2010,USO PUBLICO,30-12-2021,
BBJ0329,MAZDA,PLOMO,2016,BT-50 CD 4X4 ACTION GAS 2.6 FL,CAMIONETA,28-04-2016,2010,USO PARTICULAR,27-04-2021,
BBW0313,HINO,BLANCO,2018,XZU423L-HKMRD,CAMION,26-04-2018,2009,USO PUBLICO,30-04-2023,
BBW0794,MAZDA,BLANCO,2017,BT-50 CH 4X2 STD GAS 2.2 FL,CAMIONETA,03-05-2017,2011,USO PARTICULAR,02-05-2022,
CAA1229,KIA,ROJO,2019,RIO STYLUS LS AC,AUTOMOVIL,28-10-2019,2013,USO PARTICULAR,31-10-2024,
CAA1504,HYUNDAI,AMARILLO,2019,ACCENT 1.6 4P 4X2 TM,AUTOMOVIL,27-05-2019,2015,USO PUBLICO,31-05-2019,
CAF0364,KIA,AMARILLO,2017,RIO 1.4L LX 4P,AUTOMOVIL,12-05-2017,2010,USO PUBLICO,11-05-2022,
CBA1296,HYUNDAI,PLATEADO,2014,ACCENT 4D 1.4,AUTOMOVIL,31-12-2014,2010,USO PARTICULAR,30-12-2019,
CBA1398,CHEVROLET,PLATEADO,2019,LUV D-MAX 3.0L DIESEL CS TM 4X4,CAMIONETA,26-11-2019,2011,USO PARTICULAR,24-11-2024,
CBA1549,NISSAN,ROJO,2018,NP300 FRONTIER CABINA DOBLE 4X2 2.4 MT 16V,CAMIONETA,31-10-2018,2011,USO PARTICULAR,30-10-2023,
CBA1659,CHEVROLET,AZUL,2016,AVEO ACTIVO 1.6L 4P STD,AUTOMOVIL,21-10-2016,2011,USO PARTICULAR,20-10-2021,
CBA1837,RENAULT,ROJO,2017,SANDERO 1.6 MT EXPRESSION,AUTOMOVIL,18-08-2017,2011,USO PARTICULAR,17-08-2022,
CBA1867,MAZDA,BLANCO,2017,BT-50 CD 4X2 STD GAS 2.2 FL,CAMIONETA,19-12-2017,2011,USO PARTICULAR,18-12-2022,
CBA2010,TOYOTA,NEGRO,2018,ETT HILUX 4X2 CD,CAMIONETA,02-08-2018,2012,USO PARTICULAR,01-08-2023,
CBA2238,KIA,AMARILLO,2019,RIO R 1.4L EX 4P,AUTOMOVIL,13-02-2019,2012,USO PUBLICO,12-02-2024,
CBA2720,CHEVROLET,ROJO,2016,LUV D-MAX CD OPTIMA TM 2.4 4X2,CAMIONETA,17-11-2016,2013,USO PARTICULAR,29-11-2022,
CBA2777,HYUNDAI,PLATEADO,2019,ACCENT 1.6 4P 4X2 TM,AUTOMOVIL,17-01-2019,2016,USO PARTICULAR,16-01-2024,
CBA2841,CHEVROLET,DORADO,2017,D-MAX DOHC AC 2.4 CD 4X2 TM,CAMIONETA,14-07-2017,2016,USO PARTICULAR,13-07-2022,
CBA2931,CHEVROLET,ROJO,2015,GRAND VITARA STD 2.0 5P 4X2 TM,VEH. UTILITARIO,14-05-2015,2014,USO PARTICULAR,31-12-2018,
CBA3070,HYUNDAI,VINO,2016,ACCENT 1.6 4P 4X2 TM,AUTOMOVIL,18-01-2016,2014,USO PARTICULAR,16-01-2021,
CBA3423,CHEVROLET,PLATEADO,2016,N300 MAX CARGO AC 1.2 5P 4X2 TM,CAMIONETA,26-05-2016,2016,USO PARTICULAR,25-05-2021,
CBA3492,MAZDA,AZUL,2018,BT-50 STD GAS FL 2.6 CD 4X2 TM,CAMIONETA,13-03-2018,2016,USO PARTICULAR,12-03-2023,
CBO0444,KIA,ROJO,2016,SPORTAGE LX 2.0L 4X2 GSL,VEH. UTILITARIO,06-04-2016,2009,USO PARTICULAR,05-04-2021,
CBO0634,KIA,BLANCO,2020,SPORTAGE LX 2.0L 4X2 GSL,VEH. UTILITARIO,28-10-2020,2009,USO PARTICULAR,27-10-2025,
CEA0247,MAZDA,PLOMO,2015,BT-50 CD 4X4 STD GAS 2.6,CAMIONETA,27-08-2015,2008,USO ESTATAL,30-12-2018,
CEA0250,NISSAN DIESEL,AMARILLO,2018,PKC212EHLB,VEHICULO ESPECIAL,28-12-2018,2009,USO ESTATAL,30-11-2023,
CEA0251,MAZDA,BLANCO,2019,BT-50 CH 4X4 STD COL GAS 2.6,VEHICULO ESPECIAL,26-08-2019,2009,USO ESTATAL,30-08-2024,
CEA1056,CHEVROLET,BLANCO,2020,LUV D-MAX 3.0L DIESEL CD TM 4X4,CAMIONETA,17-07-2020,2009,USO ESTATAL,03-08-2022,
CEA1061,CHEVROLET,BLANCO,2020,LUV D-MAX 3.0L DIESEL CD TM 4X4,CAMIONETA,04-03-2020,2009,USO ESTATAL,03-03-2025,
CEA1071,CHEVROLET,BLANCO,2020,LUV D-MAX 3.0L DIESEL CD TM 4X4,CAMIONETA,04-03-2020,2009,USO ESTATAL,03-03-2025,
CEA1100,CHEVROLET,PLOMO,2019,LUV D-MAX 3.0L DIESEL CD TM 4X4,CAMIONETA,13-03-2019,2010,USO ESTATAL,30-11-2024,
CEI1008,HYUNDAI,PLATEADO,2019,H1 2.5 DSL TM 12 PASAJEROS,CAMIONETA,02-09-2019,2011,USO PARTICULAR,30-09-2024,
CEI1018,CHEVROLET,PLATEADO,2016,LUV D-MAX 3.0L DIESEL CD TM 4X4 EXTREME,CAMIONETA,17-08-2016,2011,USO ESTATAL,29-12-2020,
CEI1070,CHEVROLET,PLATEADO,2019,D-MAX CRDI AC 3.0 CD 4X2 TM DIESEL,CAMIONETA,15-02-2019,2015,USO ESTATAL,14-02-2024,
CMA1000,CHEVROLET,BLANCO,2015,FRR 90L MOTOBOMBA 5.2 2P 4X2 TM DIESEL,VEHICULO ESPECIAL,01-09-2015,2015,USO PARTICULAR, ,
CMA1034,SUZUKI,PLATEADO,2020,GRAND VITARA SZ NEXT AC 2.4 5P 4X4 TM,VEH. UTILITARIO,14-08-2020,2016,USO PARTICULAR,31-05-2025,
CMA1047,CHEVROLET,PLOMO,2015,D-MAX CRDI AC 3.0 CD 4X4 TM DIESEL,CAMIONETA,06-11-2015,2016,USO PARTICULAR,04-11-2020,
CMA1049,SUZUKI,PLOMO,2020,GRAND VITARA SZ NEXT AC 2.4 5P 4X4 TM,VEH. UTILITARIO,11-09-2020,2016,USO PARTICULAR,04-11-2020,
CMA1052,CHEVROLET,PLOMO,2015,D-MAX CRDI AC 3.0 CD 4X4 TM DIESEL,CAMIONETA,06-11-2015,2016,USO PARTICULAR,04-11-2020,
CMA1058,CHEVROLET,PLATEADO,2016,D-MAX CRDI AC 3.0 CD 4X4 TM DIESEL,CAMIONETA,18-02-2016,2016,USO PARTICULAR,16-02-2021,
CMA1063,INTERNATIONAL,NEGRO,2016,4700 FE 225HP 7.6 4X2 TM DIESEL CN,AUTOBUS,31-03-2016,2016,USO ESTATAL,30-03-2021,
CMA1340,HINO,AMARILLO,2016,GH8JGSD AC 7.7 2P 4X2 TM DIESEL CN,VEHICULO ESPECIAL,23-12-2016,2016,USO PARTICULAR,22-12-2021,
EA037D,HONDA,BLANCO,2017,XR250 TORNADO,MOTOCICLETA,05-09-2017,2012,USO PARTICULAR,04-09-2022,
EAA1414,ZHONGTONG,ANARANJADO,2015,LCK6129H AC 10.8 2P 4X2 TM DIESEL,AUTOBUS,17-03-2015,2015,USO PUBLICO,31-05-2019,
EAI0677,KENWORTH,BLANCO,2016,T800 ASOTRAPEC,UNIDAD DE CARGA Y REMOLQUE,24-03-2016,2012,USO PUBLICO,29-12-2020,
FA161D,HONDA,BLANCO,2019,XR250 TORNADO,MOTOCICLETA,21-03-2019,2012,USO ESTATAL,19-03-2024,
GBN1708,KIA,AMARILLO,2016,PREGIO,CAMIONETA,17-10-2016,2012,USO PUBLICO,30-12-2021,
GBN8217,BEIBEN,ANARANJADO,2015,2542S AC 11.6 2P 6X4 TM DIESEL,VEHICULO ESPECIAL,17-08-2015,2013,USO PARTICULAR,20-12-2023,
GBO2974,CHEVROLET,AMARILLO,2016,AVEO FAMILY STD 1.5 4P 4X2 TM,AUTOMOVIL,23-12-2016,2017,USO PUBLICO, ,
GBO5547,MERCEDES BENZ,BLANCO,2018,OF 1723 6.4 3P 4X2 TM DIESEL,AUTOBUS,23-11-2018,2018,USO PUBLICO,22-11-2023,
GPB1332,HYUNDAI,BLANCO,2016,H1 12P 2.5 TM DSL AC,CAMIONETA,12-10-2016,2012,USO PARTICULAR,11-10-2021,
GRF0077,CHEVROLET,BLANCO,2011,NHR CHASIS CABINADO,CAMION,14-06-2011,2009,USO PARTICULAR,11-10-2025,
GRG0121,MAZDA,BLANCO,2011,BT-50 CD 4X4 ACTION CO CRD 2.5,CAMIONETA,21-03-2011,2009,USO PARTICULAR, ,
GRH0411,CHEVROLET,ROJO,2020,LUV D-MAX 3.0L DIESEL CD TM 4X4,CAMIONETA,11-02-2020,2009,USO PARTICULAR,29-02-2020,
GRL0122,HYUNDAI,VINO,2017,SANTA FE 7PAS 4X2 2.7 TM,VEH. UTILITARIO,23-03-2017,2009,USO PARTICULAR,30-03-2022,
GRW2124,HYUNDAI,CELESTE,2014,TQ 12 PAX 2.5 TM DSL AC,CAMIONETA,15-05-2014,2010,USO PARTICULAR,22-08-2023,
GRW4256,HYUNDAI,BLANCO,2013,GETZ 5P 1.4 AC,AUTOMOVIL,16-07-2013,2010,USO PARTICULAR,31-07-2017,
GRW9134,MAZDA,ROJO,2017,BT-50 CD 4X2 STD GAS 2.2 FL,CAMIONETA,03-05-2017,2010,USO PARTICULAR,02-05-2022,
GRX4017,TOYOTA,BLANCO,2019,CCT HILUX 4X4 CD DIESEL,CAMIONETA,15-11-2019,2010,USO PARTICULAR,31-08-2024,
GRX6302,CHEVROLET,ROJO,2017,LUV D-MAX 3.0L DIESEL CD TM 4X4,CAMIONETA,21-03-2017,2010,USO PARTICULAR,25-04-2023,
GRX8416,HYUNDAI,PLOMO,2010,TUCSON IX GL 5P 4X2 2.0 TM AC,VEH. UTILITARIO,15-07-2010,2011,USO PARTICULAR,29-01-2024,
GRY1684,NISSAN,NEGRO,2017,TIIDA 1.6 AT,AUTOMOVIL,02-06-2017,2011,USO PARTICULAR,16-12-2023,
GRY2365,CHEVROLET,DORADO,2017,LUV D-MAX 3.0L DIESEL CS TM 4X4 AC,CAMIONETA,23-01-2017,2010,USO PARTICULAR,21-07-2025,
GSA1481,HYUNDAI,PLOMO,2019,H1 2.5 DSL TM 12 PASAJEROS,CAMIONETA,14-02-2019,2011,USO PARTICULAR,28-02-2025,
GSA7588,VOLKSWAGEN,NEGRO,2011,NEW BEETLE 1C15J4,AUTOMOVIL,19-05-2011,2010,USO PARTICULAR, ,
GSB8609,CHEVROLET,DORADO,2013,AVEO FAMILY 1.5L TM AC,AUTOMOVIL,30-07-2013,2012,USO PARTICULAR,11-07-2023,
GSC3530,TOYOTA,PLATEADO,2014,CCT HILUX 4X4 CD DIESEL,CAMIONETA,25-11-2014,2012,USO PARTICULAR,20-09-2022,
GSF6531,CHEVROLET,BLANCO,2012,SPARK 5P A/C 1.0L ACTIVO,AUTOMOVIL,25-08-2012,2012,USO PARTICULAR,21-03-2022,
GSG2707,CHEVROLET,PLATEADO,2012,AVEO FAMILY AC TM 1.5 4P 4X2,AUTOMOVIL,31-10-2012,2013,USO PARTICULAR,12-08-2024,
GSG6090,CHEVROLET,BLANCO,2012,LUV D-MAX CD OPTIMA TM 2.4 4X2,CAMIONETA,14-12-2012,2013,USO PARTICULAR,30-11-2016,
GSG7323,HINO,BLANCO,2015,FC9JJSA TM 5.12 2P 4X2,CAMION,07-05-2015,2013,USO PARTICULAR, ,
GSH6196,KIA,BLANCO,2016,K3000 BOX TM 3.0 2P 4X2,CAMION,09-09-2016,2013,USO PARTICULAR, ,
GSJ7575,MAZDA,BLANCO,2013,BT-50 STD FL 2.6 CS 4X4 TM,CAMIONETA,15-11-2013,2014,USO PARTICULAR,30-06-2017,
GSK3816,CHEVROLET,NEGRO,2019,AVEO FAMILY AC 1.5 4P 4X2 TM,AUTOMOVIL,11-04-2019,2014,USO PARTICULAR,31-07-2024,
GSM1206,CHEVROLET,PLATEADO,2014,N300 MOVE PASAJEROS FULL AC 1.2 5P 4X2 TM,VEH. UTILITARIO,10-07-2014,2015,USO PARTICULAR,31-07-2018,
GSN1575,NISSAN,CREMA,2014,TIIDA AIRBAG ABS AC 1.6 4P 4X2 TM,AUTOMOVIL,05-11-2014,2015,USO PARTICULAR,09-05-2022,
GSN5630,CHEVROLET,AMARILLO,2014,AVEO FAMILY STD 1.5 4P 4X2 TM,AUTOMOVIL,27-12-2014,2015,USO PUBLICO,18-10-2022,
GSN7929,HINO,BLANCO,2015,XZU640L-HKMLJ3 AC 4.0 2P 4X2 TM DIESEL,CAMION,12-02-2015,2015,USO PARTICULAR,11-02-2020,
GSO8403,SUZUKI,BLANCO,2015,GRAND VITARA SZ NEXT AC 2.4 5P 4X2 TA,VEH. UTILITARIO,05-05-2015,2015,USO PARTICULAR, ,
GSP6688,GREAT WALL,AZUL,2019,HOVER H5 ELITE AC 2.4 5P 4X2 TM,VEH. UTILITARIO,20-09-2019,2016,USO PARTICULAR,30-09-2025,
GSR2557,KIA,PLATEADO,2020,PICANTO R LX 1.2 4P 4X2 TM,AUTOMOVIL,29-09-2020,2017,USO PARTICULAR,24-07-2026,
GSR8532,VOLKSWAGEN,AZUL,2016,AMAROK BI-TDI 2HBA34 AC 2.0 CD 4X4 TM DIESEL,CAMIONETA,30-11-2016,2016,USO PARTICULAR,29-11-2021,
GST4354,TOYOTA,NEGRO,2017,PRIUS C SPORT AC 1.5 5P 4X2 TA HYBRID,AUTOMOVIL,22-02-2017,2017,USO PARTICULAR,21-02-2022,
GST5131,HYUNDAI,BLANCO,2017,CRETA AC 1.6 5P 4X2 TM,SIN VALOR,23-03-2017,2017,USO PARTICULAR,22-03-2022,
GST7714,GREAT WALL,PLATEADO,2017,M4 LUXURY AC 1.5 5P 4X2 TM,VEH. UTILITARIO,11-04-2017,2017,USO PARTICULAR,10-04-2022,
GSU1968,SUZUKI,PLOMO,2017,GRAND VITARA SZ AC 2.4 5P 4X2 TA,VEH. UTILITARIO,31-05-2017,2017,USO PARTICULAR,30-05-2022,
GSU2403,HYUNDAI,BLANCO,2017,CRETA AC 1.6 5P 4X2 TM,VEH. UTILITARIO,14-06-2017,2017,USO PARTICULAR,13-06-2022,
GSU2427,HYUNDAI,PLATEADO,2017,CRETA AC 1.6 5P 4X2 TM,VEH. UTILITARIO,29-06-2017,2017,USO PARTICULAR,28-06-2022,
GSU3350,KIA,PLOMO,2017,SPORTAGE SL AC 2.0 5P 4X2 TM,VEH. UTILITARIO,26-06-2017,2018,USO PARTICULAR,25-06-2022,
GSX5351,KIA,PLATEADO,2018,SPORTAGE SL AC 2.0 5P 4X2 TM,VEH. UTILITARIO,27-02-2018,2018,USO PARTICULAR,26-02-2023,
GSX8993,PEUGEOT,NEGRO,2018,P84 FIN H 16E BA6 AC 1.6 5P 4X2 TA,VEH. UTILITARIO,20-04-2018,2018,USO PARTICULAR,19-04-2023,
GSZ1244,CHEVROLET,BLANCO,2018,SPARK GT AC 1.2 5P 4X2 TM,AUTOMOVIL,24-04-2018,2019,USO PARTICULAR,23-04-2023,
GSZ1974,KIA,NEGRO,2018,PICANTO LX AC 1.2 4P 4X2 TM,AUTOMOVIL,02-05-2018,2019,USO PARTICULAR,01-05-2023,
GSZ3490,TOYOTA,PLATEADO,2018,YARIS HB AC 1.5 5P 4X2 TM,AUTOMOVIL,18-05-2018,2019,USO PARTICULAR,17-05-2023,
GSZ3823,KIA,CELESTE,2018,PICANTO EX AC 1.2 4P 4X2 TM,AUTOMOVIL,18-05-2018,2019,USO PARTICULAR,17-05-2023,
GSZ4452,CHEVROLET,PLATEADO,2018,SAIL LS AC 1.5 4P 4X2 TM,AUTOMOVIL,30-05-2018,2019,USO PARTICULAR,29-05-2023,
GSZ4674,CHEVROLET,VINO,2018,SPARK GT AC 1.2 5P 4X2 TM,AUTOMOVIL,05-06-2018,2019,USO PARTICULAR,04-06-2023,
GSZ7846,HYUNDAI,ROJO,2018,CRETA GS AC 1.6 5P 4X2 TM,VEH. UTILITARIO,30-06-2018,2019,USO PARTICULAR,29-06-2023,
HAA1699,NISSAN,AMARILLO,2018,SENTRA 1.6 M/T,AUTOMOVIL,17-05-2018,2011,USO PUBLICO,16-05-2023,
HAA2069,HINO,BLANCO,2015,AK8JRSA 7.7 1P 4X2 TM DIESEL,AUTOBUS,27-10-2015,2016,USO PUBLICO, ,
HAA2982,KIA,AMARILLO,2016,RIO R LX 1.4 4P 4X2 TM,AUTOMOVIL,04-10-2016,2017,USO PUBLICO,03-10-2021,
HAA2988,CHEVROLET,AMARILLO,2016,AVEO EMOTION GLS AC 1.6 4P 4X2 TM,AUTOMOVIL,18-10-2016,2017,USO PUBLICO,17-10-2021,
HAA3062,HINO,VERDE,2017,AK8JRSA CON RETARD 7.7 2P 4X2 TM DIESEL,AUTOBUS,16-06-2017,2017,USO PUBLICO,15-06-2022,
HBA2118,MAZDA,PLOMO,2018,BT-50 CD 4X4 STD CRD 2.5 FL,CAMIONETA,08-11-2018,2010,USO PARTICULAR,30-09-2023,
HBA2534,TOYOTA,PLATEADO,2019,ETT HILUX 4X2 CD,CAMIONETA,30-05-2019,2010,USO PARTICULAR,30-05-2024,
HBA2989,CHEVROLET,BLANCO,2018,FVR 23P CHASIS CABINADO,VEHICULO ESPECIAL,29-10-2018,2009,USO PUBLICO,28-10-2023,
HBA4062,CHEVROLET,BLANCO,2019,VITARA 1.6L 3P STD TM 4X4,VEH. UTILITARIO,14-06-2019,2010,USO PARTICULAR,12-06-2024,
HBA4117,CHEVROLET,ROJO,2016,AVEO ACTIVO 1.6L 4P AC,AUTOMOVIL,27-12-2016,2010,USO PARTICULAR, ,
HBA5688,HYUNDAI,PLOMO,2017,ACCENT 4D 1.6,AUTOMOVIL,01-03-2017,2011,USO PARTICULAR,28-02-2022,
HBA6391,CHEVROLET,VERDE,2019,AVEO ACTIVO 1.6L 5P STD,AUTOMOVIL,12-07-2019,2010,USO PARTICULAR,10-07-2024,
HBA8051,KIA,PLATEADO,2020,RIO 1.4L LX 4P,AUTOMOVIL,12-02-2020,2011,USO PARTICULAR,28-02-2025,
HBA9674,GREAT WALL,ROJO,2017,HOVER H5 4X2 ELITE GAS,VEH. UTILITARIO,30-05-2017,2012,USO PARTICULAR,29-05-2022,
HBB1844,MAZDA,ROJO,2019,BT-50 CD RAUDA TM 2.18 4P 4X2,CAMIONETA,03-12-2019,2013,USO PARTICULAR,01-12-2024,
HBB2153,CHEVROLET,PLATEADO,2017,LUV D-MAX TM 3.0 4X4 DIESEL CD EXTREME,CAMIONETA,18-04-2017,2013,USO PARTICULAR,17-04-2022,
HBB2794,CHEVROLET,NEGRO,2020,SAIL STD TM 1.4 5P 4X2,AUTOMOVIL,18-09-2020,2013,USO PARTICULAR,17-09-2025,
HBB3387,CHEVROLET,DORADO,2018,SAIL STD TM 1.4 4P 4X2,AUTOMOVIL,03-05-2018,2014,USO PARTICULAR,31-08-2023,
HBB3716,CHEVROLET,PLATEADO,2016,LUV D-MAX CD OPTIMA TM 2.4 4X2,CAMIONETA,07-12-2016,2013,USO PARTICULAR,06-12-2021,
HBB4909,DAYANG,AZUL,2016,DY-GD02B AC CS 4X2 TA EV,CAMIONETA,28-10-2016,2016,USO PARTICULAR,30-11-2024,
HBB5060,HYUNDAI,AMARILLO,2014,NEW ACCENT 4P 1.4 SF,AUTOMOVIL,25-11-2014,2012,USO PUBLICO, ,
HBB8402,TOYOTA,PLOMO,2019,HILUX 2.7 CD 4X2 TM,CAMIONETA,26-03-2019,2014,USO PARTICULAR,24-03-2024,
HBB8618,CHEVROLET,BLANCO,2016,NMR 85H 3.0 2P 4X2 TM DIESEL,CAMION,04-07-2016,2014,USO PARTICULAR,03-07-2021,
HBB8781,TOYOTA,PLATEADO,2017,HILUX 2.7 CD 4X2 TM,CAMIONETA,13-02-2017,2014,USO PARTICULAR,12-02-2022,
HBC1817,KIA,NEGRO,2017,SPORTAGE L,VEH. UTILITARIO,22-08-2017,2011,USO PARTICULAR,21-08-2022,
HBC2046,CHEVROLET,NEGRO,2018,AVEO EMOTION GLS AC 1.6 4P 4X2 TM,AUTOMOVIL,19-05-2018,2016,USO PARTICULAR,31-07-2024,
HBC2607,TOYOTA,PLOMO,2016,NEW RAV4 AC 2.0 5P 4X2 TM,VEH. UTILITARIO,25-02-2016,2015,USO PARTICULAR, ,
HBC2843,NISSAN,VERDE,2016,X-TRAIL SENSE CVT AC 2.5 5P 4X2 TA,VEH. UTILITARIO,25-02-2016,2016,USO PARTICULAR, ,
HBC2899,CHEVROLET,VINO,2020,D-MAX CRDI 3.0 CD 4X4 TM DIESEL,CAMIONETA,26-10-2020,2016,USO PARTICULAR,25-10-2025,
HBC3787,CHEVROLET,NEGRO,2016,D-MAX CRDI FULL AC 3.0 CD 4X4 TM DIESEL,CAMIONETA,27-10-2016,2017,USO PARTICULAR,26-10-2021,
HBC3887,CHEVROLET,ROJO,2019,SPARK LIFE 1.0 5P 4X2 TM,VEH. UTILITARIO,16-08-2019,2017,USO PARTICULAR,14-08-2024,
HBC3987,GREAT WALL,VINO,2016,M4 CONFORT AC 1.5 5P 4X2 TM,SIN VALOR,20-12-2016,2017,USO PARTICULAR,19-12-2021,
HBC4152,HYUNDAI,PLATEADO,2017,ACCENT 1.6 4P 4X2 TM,AUTOMOVIL,25-01-2017,2017,USO PARTICULAR,24-01-2022,
HBC4275,TOYOTA,ROJO,2017,NEW HILUX 2.7 CD 4X2 TM,CAMIONETA,22-02-2017,2017,USO PARTICULAR,21-02-2022,
HBC4708,TOYOTA,AZUL,2017,NEW HILUX 2.7 CD 4X2 TM,CAMIONETA,07-06-2017,2017,USO PARTICULAR,06-06-2022,
HBC4861,SUZUKI,PLOMO,2017,GRAND VITARA SZ NEXT SPORT AC 2.4 5P 4X2 TA,SIN VALOR,03-07-2017,2018,USO PARTICULAR,02-07-2022,
HBC5994,RENAULT,BLANCO,2017,DUSTER EXPRESSION AC 1.6 5P 4X2 TM,SIN VALOR,13-12-2017,2018,USO PARTICULAR,12-12-2022,
HBC6054,RENAULT,CREMA,2017,LOGAN EXPRESSION AC 1.6 4P 4X2 TM,AUTOMOVIL,18-12-2017,2018,USO PARTICULAR,17-12-2022,
HBC6089,HINO,BLANCO,2017,XZU640L-HKMLJ3 AC 4.0 2P 4X2 TM DIESEL CN,CAMION,20-12-2017,2018,USO PARTICULAR,19-12-2022,
HBC6101,CHEVROLET,PLOMO,2017,D-MAX CRDI 3.0 CD 4X2 TM DIESEL,CAMIONETA,21-12-2017,2018,USO PARTICULAR,20-12-2022,
HBC6722,VOLKSWAGEN,PLATEADO,2018,POLO NB TRENDLINE 6042G4 AC 1.6 4P 4X2 TM,AUTOMOVIL,14-03-2018,2018,USO PARTICULAR,13-03-2023,
HBC7153,CHEVROLET,BLANCO,2018,AVEO FAMILY STD 1.5 4P 4X2 TM,AUTOMOVIL,02-05-2018,2019,USO PARTICULAR,01-05-2023,
HBC7274,KIA,ROJO,2018,PICANTO LX AC 1.2 4P 4X2 TM,AUTOMOVIL,14-05-2018,2018,USO PARTICULAR,13-05-2023,
HBC7285,KIA,BLANCO,2019,PICANTO LX 1.2 4P 4X2 TM,AUTOMOVIL,12-04-2019,2019,USO PARTICULAR,10-04-2024,
HBC7357,HYUNDAI,PLOMO,2018,ACCENT 1.6 4P 4X2 TM,AUTOMOVIL,23-05-2018,2018,USO PARTICULAR,22-05-2023,
HBC7375,NISSAN,PLATEADO,2018,X-TRAIL SENSE 2 ROW AC 2.5 5P 4X2 TA,SIN VALOR,24-05-2018,2019,USO PARTICULAR,23-05-2023,
HBC7445,KIA,ROJO,2018,PICANTO LX AC 1.2 4P 4X2 TM,AUTOMOVIL,04-06-2018,2019,USO PARTICULAR,03-06-2023,
HBC7477,CHEVROLET,BLANCO,2018,D-MAX CRDI 3.0 CD 4X2 TM DIESEL,CAMIONETA,07-06-2018,2018,USO PARTICULAR,06-06-2023,
HBC7563,RENAULT,ROJO,2018,LOGAN EXPRESSION AC 1.6 4P 4X2 TM,AUTOMOVIL,18-06-2018,2019,USO PARTICULAR,17-06-2023,
HBC7605,JAC,PLATEADO,2018,S3 AC 1.6 5P 4X2 TM,SIN VALOR,21-06-2018,2019,USO PARTICULAR,20-06-2023,
HBC7644,TOYOTA,PLATEADO,2018,YARIS HB AC 1.5 5P 4X2 TM,AUTOMOVIL,26-06-2018,2019,USO PARTICULAR,25-06-2023,
HC684S,MOTOR UNO,NEGRO,2020,NAZCA 250,MOTOCICLETA,04-02-2020,2013,USO PARTICULAR,02-02-2025,
HCN0879,CHEVROLET,ROJO,2018,LUV D-MAX 3.0L DIESEL CD TM 4X4,CAMIONETA,25-10-2018,2009,USO PARTICULAR,31-10-2023,
HE145M,KINROAD RAPTOR,ROJO,2016,GO KART XT150GK-6,MOTOCICLETA,09-06-2016,2009,USO PARTICULAR,08-06-2021,
HE226E,SUKIDA,AZUL,2020,SKR 200S,MOTOCICLETA,23-09-2020,2011,USO PARTICULAR,22-09-2025,
HE352M,MOTOR UNO,ROJO,2020,ROCKET 125,MOTOCICLETA,14-10-2020,2011,USO PARTICULAR,13-10-2025,
HE458D,SKYGO,AZUL,2016,SG150-7,MOTOCICLETA,20-09-2016,2013,USO PARTICULAR,01-07-2022,
HE539D,BAJAJ,NEGRO,2018,DISCOVER 150 ES,MOTOCICLETA,06-07-2018,2013,USO PARTICULAR,05-07-2023,
AA051C,TVS,ROJO,2014,KING,MOTOCICLETA,11-04-2014,2010,USO PUBLICO, ,
AA053C,TVS,ROJO,2017,KING,MOTOCICLETA,10-10-2017,2010,USO PUBLICO, ,
AA235Y,SUZUKI,AZUL,2018,GSX150GP,MOTOCICLETA,14-06-2018,2018,USO PARTICULAR,13-06-2023,
AA466G,TVS,AZUL,2017,KING,MOTOCICLETA,19-07-2017,2017,USO PUBLICO,18-07-2022,
AA694A,TVS,ROJO,2018,KING,MOTOCICLETA,17-02-2018,2010,USO PARTICULAR, ,
AB417C,SUZUKI,NEGRO,2018,GSX125,MOTOCICLETA,20-06-2018,2018,USO PARTICULAR,19-06-2023,
ABA4830,CHEVROLET,BLANCO,2016,LUV D-MAX 3.0L DIESEL CD TM 4X2,CAMIONETA,16-09-2016,2010,USO PARTICULAR,15-09-2021,
ABA5986,HYUNDAI,PLATEADO,2016,SANTA FE 7PAS 4X4 2.4 TM,VEH. UTILITARIO,30-07-2016,2010,USO PARTICULAR,29-07-2021,
ABA9791,FOTON,BLANCO,2016,BJ1039V3JD3-1,CAMION,26-02-2016,2011,USO PARTICULAR, ,
ABB2718,SUZUKI,DORADO,2018,GRAND VITARA SZ 2.0L 5P TM 4X2,VEH. UTILITARIO,27-09-2018,2011,USO PARTICULAR,26-09-2023,
ABC8614,CHEVROLET,NEGRO,2019,SPARK 5P A/C 1.0L ACTIVO,AUTOMOVIL,17-05-2019,2012,USO PARTICULAR,15-05-2024,
ABD3651,CHEVROLET,NEGRO,2017,SAIL STD TM 1.4 4P 4X2,AUTOMOVIL,13-10-2017,2013,USO PARTICULAR,12-10-2022,
ABE7732,CHEVROLET,DORADO,2018,AVEO ACTIVO 1.6L 4P AC,AUTOMOVIL,07-02-2018,2011,USO PARTICULAR,06-02-2023,
ABF7411,KIA,PLATEADO,2019,CERATO STD AC 1.6 4P 4X2 TM,AUTOMOVIL,30-01-2019,2015,USO PARTICULAR,29-02-2024,
ABF8093,CHEVROLET,NEGRO,2018,AVEO FAMILY STD 1.5 4P 4X2 TM,AUTOMOVIL,14-06-2018,2016,USO PARTICULAR,13-06-2023,
ABG5337,KIA,ROJO,2020,RIO LX AC 1.4 4P 4X2 TM,AUTOMOVIL,11-08-2020,2019,USO PARTICULAR,10-08-2025,
ABG7430,HYUNDAI,VINO,2017,SANTA FE DM 7PAS AC 2.4 5P 4X2 TA,SIN VALOR,02-05-2017,2017,USO PARTICULAR,01-05-2022,
ABH1890,VOLKSWAGEN,BLANCO,2018,AMAROK BI TDI PLUS AC 2.0 CD 4X4 TM DIESEL,CAMIONETA,27-02-2018,2017,USO PARTICULAR,26-02-2023,
ABH2903,CHERY,NEGRO,2018,ARRIZO 3-A19 AC 1.5 4P 4X2 TM,AUTOMOVIL,21-05-2018,2019,USO PARTICULAR,20-05-2023,
ABH8240,NISSAN,BLANCO,2018,X-TRAIL ADVANCE CVT AC 2.5 5P 4X2 TA,VEH. UTILITARIO,13-06-2018,2019,USO PARTICULAR,12-06-2023,
AE192B,BAJAJ,ROJO,2017,PULSAR 200 NS,MOTOCICLETA,01-12-2017,2018,USO PARTICULAR,30-11-2022,
AE698B,LONCIN,BLANCO,2018,LX250-11,MOTOCICLETA,06-03-2018,2017,USO PARTICULAR,05-03-2023,
AE745B,YAMAHA,NEGRO,2018,FZN150,MOTOCICLETA,14-03-2018,2018,USO PARTICULAR,13-03-2023,
AGA0766,RENAULT,BLANCO,2019,LOGAN 1.6 M/T,AUTOMOVIL,16-12-2019,2009,USO PARTICULAR,14-12-2024,
AGE0132,MAZDA,ROJO,2019,BT-50 CS 4X4 STD GAS 2.6,CAMIONETA,23-12-2019,2009,USO PARTICULAR,21-12-2024,
AGJ0566,SUZUKI,NEGRO,2019,GRAND VITARA SZ 2.0L 5P TM 4X2,VEH. UTILITARIO,08-03-2019,2010,USO PARTICULAR,06-03-2024,
BBJ0297,CHEVROLET,PLATEADO,2019,LUV D-MAX 3.0L DIESEL CD TM 4X4,CAMIONETA,17-10-2019,2010,USO PARTICULAR,15-10-2024,
CAA1455,CHEVROLET,AMARILLO,2020,SAIL STD 1.4 4P 4X2 TM,AUTOMOVIL,23-06-2020,2015,USO PUBLICO,22-06-2025,
CAA1578,FOTON,AMARILLO,2016,VIEW C2 NARROW BJ6539B1PDA-3 AC 2.8 4P 4X2 TM DIESEL,CAMIONETA,04-08-2016,2016,USO PUBLICO,03-08-2021,
CAF0355,CHEVROLET,BLANCO,2019,LUV D-MAX 2.4L CS TM 4X2,CAMIONETA,27-03-2019,2009,USO PARTICULAR,03-08-2025,
CAF0386,MAZDA,BLANCO,2020,BT-50 CS 4X2 RAUDA GAS 2.2,CAMIONETA,16-07-2020,2010,USO PARTICULAR,15-07-2025,
CAH0256,CHEVROLET,BLANCO,2020,FVR 23P CHASIS CABINADO,CAMION,09-07-2020,2009,USO PUBLICO,08-07-2025,
CAH0539,KENWORTH,ANARANJADO,2020,T800 CLASSIC,UNIDAD DE CARGA Y REMOLQUE,12-10-2020,2012,USO PUBLICO,31-10-2025,
CBA1075,HYUNDAI,VERDE,2015,TUCSON 5P 4X2 2.0 TM,SIN VALOR,18-12-2015,2010,USO PARTICULAR,16-12-2020,
CBA1220,CHEVROLET,VERDE,2016,GRAND VITARA 2.0L 5P DLX TM 4X2,VEH. UTILITARIO,26-09-2016,2010,USO PARTICULAR,25-09-2021,
CBA2029,NISSAN,CREMA,2016,SENTRA 1.6 M/T,AUTOMOVIL,05-12-2016,2011,USO PARTICULAR,04-12-2021,
CBA2197,RENAULT,AZUL,2018,LOGAN 1.6 M/T,AUTOMOVIL,05-03-2018,2012,USO PARTICULAR,04-03-2023,
CBA2721,CHEVROLET,AZUL,2016,VITARA 1.6L 3P STD TM 4X4,VEH. UTILITARIO,19-12-2016,2013,USO PARTICULAR,18-12-2021,
CBA2803,KIA,ROJO,2020,PICANTO R LX 1.0 4P 4X2 TM,AUTOMOVIL,22-07-2020,2014,USO PARTICULAR,21-07-2025,
CBA3047,NISSAN,BLANCO,2020,NP300 FRONTIER CABINA SIMPLE 4X2 2.4 MT 16V,CAMIONETA,04-03-2020,2014,USO PARTICULAR,31-08-2025,
CBL0977,RENAULT,NEGRO,2016,LOGAN 1.6 M/T,AUTOMOVIL,23-11-2016,2009,USO PARTICULAR,22-11-2021,
CBO0943,SUZUKI,PLOMO,2020,GRAND VITARA SZ 2.0L 5P TM 4X2,VEH. UTILITARIO,29-07-2020,2009,USO PARTICULAR,28-07-2025,
CC0388,TOYOTA,NEGRO,2015,HIGHLANDER AC 3.5 5P 4X4 TA,VEH. UTILITARIO,07-08-2015,2010,CUERPO CONSULAR,05-08-2020,
CEA0253,SUZUKI,PLATEADO,2018,GRAND VITARA SZ 2.7L V6 5P TM 4X4,VEH. UTILITARIO,13-09-2018,2009,USO ESTATAL,30-04-2023,
CEA0257,CHEVROLET,PLATEADO,2019,LUV D-MAX 3.0L DIESEL CD TM 4X4,CAMIONETA,11-07-2019,2009,USO ESTATAL,09-07-2024,
CEA1058,CHEVROLET,BLANCO,2016,LUV D-MAX 3.0L DIESEL CD TM 4X4,CAMIONETA,07-12-2016,2009,USO ESTATAL,30-12-2019,
CEA1059,CHEVROLET,BLANCO,2020,LUV D-MAX 3.0L DIESEL CD TM 4X4,CAMIONETA,12-10-2020,2009,USO PARTICULAR,31-05-2020,
CEA1064,CHEVROLET,BLANCO,2020,LUV D-MAX 3.0L DIESEL CD TM 4X4,CAMIONETA,25-08-2020,2009,USO ESTATAL,01-05-2022,
CEA1073,CHEVROLET,BLANCO,2020,LUV D-MAX 3.0L DIESEL CD TM 4X4,CAMIONETA,03-08-2020,2009,USO ESTATAL,11-04-2022,
CEA1077,CHEVROLET,BLANCO,2020,LUV D-MAX 3.0L DIESEL CD TM 4X4,CAMIONETA,18-08-2020,2009,USO PARTICULAR,22-08-2022,
CEI1010,NISSAN DIESEL,AMARILLO,2016,PKC212EHLB,VEHICULO ESPECIAL,24-11-2016,2010,USO ESTATAL,30-12-2019,
CEI1065,CHEVROLET,PLATEADO,2017,D-MAX CRDI FULL AC 3.0 CD 4X4 TM DIESEL,CAMIONETA,28-06-2017,2015,USO ESTATAL,27-06-2022,
CEI1071,SUZUKI,NEGRO,2019,GRAND VITARA SZ FL AC 2.0 5P 4X2 TM,VEH. UTILITARIO,27-02-2019,2014,USO ESTATAL,28-02-2019,
CEI1084,MERCEDES BENZ,BLANCO,2015,315CDI AC 2.1 5P 4X2 TM DIESEL,VEHICULO ESPECIAL,02-10-2015,2013,USO ESTATAL, ,
CEI1101,MERCEDES BENZ,BLANCO,2019,315CDI AC 2.1 5P 4X2 TM DIESEL,VEHICULO ESPECIAL,06-03-2019,2013,USO ESTATAL,29-02-2024,
CMA0140,SUZUKI,NEGRO,2020,GRAND VITARA SZ 2.0L 5P TM 4X4,VEH. UTILITARIO,13-08-2020,2011,USO PARTICULAR,30-12-2019,
CMA1046,CHEVROLET,BLANCO,2020,NPR 75H 5.2 2P 4X2 TM DIESEL CN,CAMION,08-07-2020,2016,USO ESTATAL,03-11-2020,
CMA1061,JAC,BLANCO,2016,HFC1035KRD AC 2.8 4P 4X2 TM DIESEL,CAMION,02-03-2016,2016,USO ESTATAL,01-03-2021,
EA003D,SUZUKI,ROJO,2015,TS185,MOTOCICLETA,25-06-2015,2009,USO ESTATAL, ,
EAA1018,KENWORTH,ROJO,2017,T800 6X4,UNIDAD DE CARGA Y REMOLQUE,08-09-2017,2013,USO PUBLICO,07-09-2022,
EAI0772,CHEVROLET,BLANCO,2017,FVR 34K CAMION CHASIS CABINADO,CAMION,06-12-2017,2013,USO PUBLICO,31-03-2022,
EBA2524,KIA,BLANCO,2018,K3000 3.0 2P 4X2 TM DIESEL,CAMION,17-05-2018,2015,USO PARTICULAR,16-05-2023,
GBI0447,HYUNDAI,AMARILLO,2018,ACCENT 1.4 GAA 4D TM BLS4A5615 DD271,AUTOMOVIL,09-05-2018,2009,USO PUBLICO,31-08-2023,
GBN3805,CHEVROLET,AMARILLO,2018,CHEVYTAXI STD,AUTOMOVIL,15-08-2018,2011,USO PUBLICO,30-06-2023,
GBN4391,FREIGHTLINER,BLANCO,2017,CL120DD,UNIDAD DE CARGA Y REMOLQUE,09-02-2017,2013,USO PUBLICO,30-12-2022,
GBN5090,CHEVROLET,BLANCO,2018,NPR 75H 5.2 2P 4X2 TM DIESEL CN,CAMION,19-09-2018,2014,USO PUBLICO,30-11-2023,
GBN6068,VOLKSWAGEN,AZUL,2018,17210 OD AC 6.5 2P 4X2 TM DIESEL,AUTOBUS,21-12-2018,2013,USO PUBLICO,30-09-2023,
GBN8055,HINO,BLANCO,2020,FC4JJUA,CAMION,31-07-2020,2010,USO PUBLICO,30-06-2025,
GBN8934,KIA,AMARILLO,2015,PREGIO,CAMIONETA,24-03-2015,2013,USO PUBLICO,31-05-2025,
GBO2203,HINO,AMARILLO,2017,FM8JLSD AC 7.7 2P 6X4 TM DIESEL,VEHICULO ESPECIAL,08-06-2017,2016,USO PUBLICO,07-06-2022,
GBO2596,NISSAN,AMARILLO,2017,VERSA AC 1.6 4P 4X2 TM,AUTOMOVIL,31-08-2017,2017,USO PUBLICO,30-08-2022,
GBO3728,CHEVROLET,BLANCO,2018,FVZ 34P AC 7.8 2P 6X4 TM DIESEL,VEHICULO ESPECIAL,11-05-2018,2016,USO PUBLICO,10-05-2023,
GPB2680,CHEVROLET,BLANCO,2019,D-MAX CRDI 3.0 CD 4X2 TM DIESEL,CAMIONETA,16-05-2019,2014,USO PARTICULAR,14-05-2024,
GQU0697,CHEVROLET,PLATEADO,2015,SPARK 5P A/C 1.0L ACTIVO,AUTOMOVIL,27-08-2015,2009,USO PARTICULAR,30-08-2021,
GQW0727,CHEVROLET,BLANCO,2011,SPARK 5P A/C 1.0L ACTIVO,AUTOMOVIL,20-08-2011,2009,USO PARTICULAR,31-12-2015,
GQZ0096,NISSAN,AMARILLO,2017,SENTRA 1.6 M/T,AUTOMOVIL,28-11-2017,2009,USO PUBLICO,27-11-2022,
GRF0724,CHEVROLET,AZUL,2017,AVEO EMOTION 1.6L GLS,AUTOMOVIL,30-05-2017,2009,USO PARTICULAR,29-05-2022,
GRG0087,CHEVROLET,BLANCO,2016,NHR CHASIS CABINADO,CAMION,30-08-2016,2009,USO PARTICULAR,30-12-2019,
GRK0462,HINO,BLANCO,2017,XZU423L-HKMRD,CAMION,22-03-2017,2009,USO PUBLICO,30-03-2022,
GRS0860,HINO,BLANCO,2016,FM1JRUA,VEHICULO ESPECIAL,24-08-2016,2010,USO PUBLICO,23-08-2021,
GRW2463,CHEVROLET,BLANCO,2019,LUV D-MAX 3.0L DIESEL CS TM 4X4,CAMIONETA,29-04-2019,2010,USO PARTICULAR,30-04-2024,
GRW4440,KIA,AMARILLO,2017,RIO STYLUS LS AC,AUTOMOVIL,17-01-2017,2010,USO PUBLICO,30-12-2021,
GRW7465,MAZDA,PLOMO,2017,BT-50 CD 4X2 ACTION GAS 2.6 FL,CAMIONETA,29-06-2017,2010,USO PARTICULAR,28-06-2022,
GRX6396,CHEVROLET,NEGRO,2010,GRAND VITARA SPORT 1.6L 3P AC TM 4X4,VEH. UTILITARIO,21-06-2010,2011,USO PARTICULAR, ,
GRX9570,CHEVROLET,DORADO,2019,LUV D-MAX 2.5L DIESEL CS TM 4X2,CAMIONETA,12-08-2019,2010,USO PARTICULAR,30-12-2019,
GSB4903,HYUNDAI,PLATEADO,2020,I10 CM 5DR 1.1 AC,AUTOMOVIL,20-10-2020,2012,USO PARTICULAR,28-04-2020,
GSD8125,NISSAN,AZUL,2016,NP300 FRONTIER CABINA SIMPLE 4X2 2.4 MT 16V,CAMIONETA,06-06-2016,2012,USO PARTICULAR,29-06-2021,
GSE1747,HYUNDAI,BLANCO,2018,H1 12P 2.5 TM DSL AC,CAMIONETA,26-04-2018,2012,USO PARTICULAR,30-08-2021,
GSF7587,CHEVROLET,BLANCO,2015,N300 MOVE PASAJEROS FULL AC 1.2 4P 4X2 TM,CAMIONETA,03-08-2015,2013,USO PARTICULAR, ,
GSF8366,CHEVROLET,ROJO,2014,SAIL TM 1.4 4P 4X2 AC,AUTOMOVIL,17-05-2014,2013,USO PARTICULAR,10-08-2019,
GSG2745,KIA,PLOMO,2012,SPORTAGE LX,VEH. UTILITARIO,31-10-2012,2013,USO PARTICULAR,19-10-2025,
GSG4854,HYUNDAI,BLANCO,2015,I10 AC TM 1.1 5P 4X2,AUTOMOVIL,13-10-2015,2013,USO PARTICULAR,15-01-2024,
GSG7106,CHEVROLET,BLANCO,2013,FVZ 34T CAMION AC 7.8 2P 6X4 TM DIESEL,CAMION,27-12-2013,2013,USO PUBLICO,24-07-2022,
GSG9614,CHEVROLET,PLATEADO,2013,SAIL TM 1.4 4P 4X2 AC,AUTOMOVIL,31-01-2013,2013,USO PARTICULAR, ,
GSH2676,KIA,PLATEADO,2017,SPORTAGE LX,VEH. UTILITARIO,01-08-2017,2013,USO PARTICULAR,27-07-2024,
GSH8067,CHEVROLET,VINO,2013,AVEO EMOTION ADVANCE GLS TM 1.6 4P 4X2,AUTOMOVIL,27-04-2013,2013,USO PARTICULAR, ,
GSI6600,MAZDA,NEGRO,2016,BT-50 STD FL 2.2 CD 4X2 TM,CAMIONETA,19-12-2016,2014,USO PARTICULAR,29-11-2022,
GSI6646,SINOTRUK,BLANCO,2013,ZZ3257N3247B AC 9.7 2P 6X4 TM DIESEL,SIN VALOR,17-07-2013,2013,USO PARTICULAR, ,
GSJ5473,QMC,BLANCO,2013,CRONOS 2.5 TM 3.3 2P 4X2,CAMION,21-10-2013,2013,USO PARTICULAR,30-04-2025,
GSJ7349,CHEVROLET,BLANCO,2017,FRR 90L 5.2 2P 4X2 TM DIESEL,CAMION,14-11-2017,2014,USO PARTICULAR,31-10-2022,
GSJ9352,CHEVROLET,NEGRO,2013,LUV D-MAX CD OPTIMA TM 2.4 4X2,CAMIONETA,11-12-2013,2013,USO PARTICULAR, ,
GSL1327,MITSUBISHI,BLANCO,2014,CANTER FE85PG6SLNR 3.9 2P 4X2 TM DIESEL,CAMION,10-04-2014,2014,USO PARTICULAR,31-08-2023,
GSL9438,CHEVROLET,BLANCO,2014, D-MAX CRDI 3.0 CD 4X4 TM DIESEL,CAMIONETA,21-07-2014,2015,USO PARTICULAR,18-12-2021,
GSM2086,MAZDA,BLANCO,2014,BT-50 STD FL 2.2 CS 4X2 TM,CAMIONETA,30-07-2014,2014,USO PARTICULAR,29-07-2019,
GSM3904,CHANGHE,NEGRO,2014,CH7142 C AC 1.4 5P 4X2 TM,AUTOMOVIL,08-09-2014,2014,USO PARTICULAR,07-12-2022,
GSM4699,TOYOTA,DORADO,2014,FORTUNER AC 2.7 5P 4X4 TM,VEH. UTILITARIO,19-08-2014,2015,USO PARTICULAR,31-10-2025,
GSM9672,CHEVROLET,BLANCO,2019,FTR 34P 7.8 2P 4X2 TM DIESEL CN,CAMION,16-04-2019,2015,USO PARTICULAR,31-03-2024,
GSN3205,KIA,AZUL,2019,RIO R EX 1.4 5P 4X2 TM,AUTOMOVIL,27-06-2019,2015,USO PARTICULAR,10-12-2019,
GSN5178,CHEVROLET,BLANCO,2019,AVEO FAMILY STD 1.5 4P 4X2 TM,AUTOMOVIL,18-12-2019,2015,USO PARTICULAR,16-12-2024,
GSN6221,HYUNDAI,BLANCO,2019,TUCSON IX STD 2.0 5P 4X2 TM,AUTOMOVIL,10-06-2019,2015,USO PARTICULAR,29-12-2019,
GSN6461,HYUNDAI,PLOMO,2020,H1 12PAS AC 2.5 5P 4X2 TM DIESEL,CAMIONETA,10-02-2020,2015,USO PARTICULAR,28-02-2025,
GSO9605,CHEVROLET,BLANCO,2019,N300 MOVE PASAJEROS FULL AC 1.2 5P 4X2 TM,CAMIONETA,24-07-2019,2015,USO PARTICULAR,30-06-2025,
GSR1123,SUZUKI,DORADO,2016,GRAND VITARA SZ NEXT AC 2.4 5P 4X2 TA,SIN VALOR,21-01-2016,2016,USO PARTICULAR,19-01-2021,
GSR7463,KIA,AZUL,2016,OPTIMA AC 2.0 4P 4X2 TA HYBRID,AUTOMOVIL,23-09-2016,2017,USO PARTICULAR,22-09-2021,
GSR9233,CHEVROLET,PLOMO,2016,D-MAX CRDI FULL AC 3.0 CD 4X4 TM DIESEL,CAMIONETA,30-11-2016,2017,USO PARTICULAR,29-11-2021,
GST2929,FAW,PLOMO,2017,CA6440A45 AC 1.5 5P 4X2 TM,CAMIONETA,24-01-2017,2017,USO PARTICULAR,23-01-2022,
GST9036,RENAULT,BLANCO,2017,DUSTER AC 1.6 5P 4X2 TM,VEH. UTILITARIO,11-05-2017,2017,USO PARTICULAR,10-05-2022,
GSV1267,TOYOTA,CAFE,2017,NEW YARIS SD CVT AC 1.5 4P 4X2 TA,AUTOMOVIL,06-10-2017,2018,USO PARTICULAR,05-10-2022,
GSV2032,GREAT WALL,NEGRO,2017,WINGLE AC 2.4 CD 4X2 TM,CAMIONETA,06-10-2017,2018,USO PARTICULAR,05-10-2022,
GSV2983,HYUNDAI,PLOMO,2017,ACCENT 1.4 4P 4X2 TM,AUTOMOVIL,19-10-2017,2018,USO PARTICULAR,18-10-2022,
GSV6578,HYUNDAI,AZUL,2017,GRAND I10 AC 1.2 4P 4X2 TM,AUTOMOVIL,07-12-2017,2018,USO PARTICULAR,06-12-2022,
GSV8233,ZOTYE,ROJO,2017,Z100 AC 1.0 5P 4X2 TM,AUTOMOVIL,29-12-2017,2018,USO PARTICULAR,28-12-2022,
GSV8980,SUZUKI,PLATEADO,2017,GRAND VITARA SZ AC 2.0 5P 4X2 TM,VEH. UTILITARIO,28-12-2017,2018,USO PARTICULAR,27-12-2022,
GSX9706,CHEVROLET,PLOMO,2018,SPARK GT AC 1.2 5P 4X2 TM,AUTOMOVIL,26-04-2018,2019,USO PARTICULAR,10-02-2025,
GSY3185,CHERY,ROJO,2018,A13T TIGGO2 AC 1.5 5P 4X2 TM,SIN VALOR,21-06-2018,2019,USO PARTICULAR,20-06-2023,
GSY3320,CHERY,ROJO,2018,ARRIZO 3-A19 AC 1.5 4P 4X2 TM,AUTOMOVIL,06-07-2018,2019,USO PARTICULAR,05-07-2023,
GSZ2340,CHEVROLET,VINO,2018,SPARK GT AC 1.2 5P 4X2 TM,AUTOMOVIL,14-05-2018,2019,USO PARTICULAR,13-05-2023,
GSZ3320,CHEVROLET,BLANCO,2018,NLR 55E 2.8 2P 4X2 TM DIESEL,CAMION,05-06-2018,2018,USO PARTICULAR,04-06-2023,
GSZ3756,KIA,AZUL,2018,RIO LX AC 1.4 4P 4X2 TM,AUTOMOVIL,17-05-2018,2019,USO PARTICULAR,12-12-2024,
GSZ3775,KIA,PLOMO,2018,PICANTO EX AC 1.2 4P 4X2 TM,AUTOMOVIL,17-05-2018,2019,USO PARTICULAR,16-05-2023,
GSZ4349,CHEVROLET,NEGRO,2018,AVEO FAMILY STD 1.5 4P 4X2 TM,AUTOMOVIL,29-05-2018,2019,USO PARTICULAR,28-05-2023,
GSZ5605,HYUNDAI,PLOMO,2018,CRETA GS AC 1.6 5P 4X2 TM,VEH. UTILITARIO,12-06-2018,2019,USO PARTICULAR,11-06-2023,
GSZ6684,NISSAN,BLANCO,2018,X-TRAIL ADVANCE CVT AC 2.5 5P 4X2 TA,VEH. UTILITARIO,26-06-2018,2019,USO PARTICULAR,12-02-2025,
GSZ7016,CHEVROLET,PLOMO,2018,SPARK GT AC 1.2 5P 4X2 TM,AUTOMOVIL,27-06-2018,2019,USO PARTICULAR,26-06-2023,
GSZ7167,GREAT WALL,PLOMO,2018,WINGLE 5 AC 2.2 CD 4X2 TM,CAMIONETA,04-07-2018,2019,USO PARTICULAR,03-07-2023,
HA618F,SUZUKI,AZUL,2018,AX100,MOTOCICLETA,06-02-2018,2009,USO PARTICULAR,30-09-2023,
HAA2259,HYUNDAI,AMARILLO,2019,ACCENT 1.4 4P 4X2 TM,AUTOMOVIL,19-09-2019,2014,USO PUBLICO,17-09-2024,
HAA2870,HINO,BLANCO,2019,AK8JRSA 7.7 2P 4X2 TM DIESEL,AUTOBUS,16-05-2019,2016,USO PUBLICO,14-05-2024,
HAA3101,CHEVROLET,AMARILLO,2017,AVEO FAMILY STD 1.5 4P 4X2 TM,AUTOMOVIL,22-08-2017,2018,USO PUBLICO,21-08-2022,
HB533T,MOTOR UNO,NEGRO,2019,SK200 FX200,MOTOCICLETA,05-04-2019,2010,USO PARTICULAR,30-04-2024,
HBA3167,CHEVROLET,AZUL,2017,SPARK 5P STD 1.0L ACTIVO,AUTOMOVIL,15-08-2017,2010,USO PARTICULAR,14-08-2022,
HBA5078,KIA,ROJO,2017,RIO 1.4L LX 4P,AUTOMOVIL,22-05-2017,2011,USO PARTICULAR,21-05-2022,
HBA5544,TOYOTA,PLOMO,2019,CCT HILUX 4X4 CD DIESEL,CAMIONETA,31-05-2019,2011,USO PARTICULAR,29-05-2024,
HBA6365,HYUNDAI,BLANCO,2019,H1 2.5 DSL TM 12 PASAJEROS,CAMIONETA,02-04-2019,2011,USO PARTICULAR,31-03-2024,
HBA7679,NISSAN,PLOMO,2011,NAVARA DOBLE CABINA 4X4 2.5 SE MT DIESEL,CAMIONETA,20-05-2011,2011,USO PARTICULAR, ,
HBA8831,NISSAN,BLANCO,2019,SENTRA 1.6 M/T,AUTOMOVIL,28-03-2019,2012,USO PARTICULAR,26-03-2024,
HBA9907,HYUNDAI,BLANCO,2016,GETZ GL GXX 5D TM DB496,AUTOMOVIL,03-08-2016,2009,USO PARTICULAR,29-12-2020,
HBB1217,HINO,BLANCO,2017,GD8JLSA,CAMION,30-06-2017,2012,USO PUBLICO,29-06-2022,
HBB1952,CHEVROLET,NEGRO,2016,LUV D-MAX TM 3.0 4X4 DIESEL CD EXTREME,CAMIONETA,11-03-2016,2013,USO PARTICULAR,04-02-2025,
HBB2441,TOYOTA,NEGRO,2018,ETT HILUX 4X2 CD TM 2.7 4P,CAMIONETA,07-02-2018,2013,USO PARTICULAR,06-02-2023,
HBB2500,CHEVROLET,VINO,2017,SAIL STD TM 1.4 4P 4X2,AUTOMOVIL,23-03-2017,2013,USO PARTICULAR,22-03-2022,
HBB3330,MAZDA,AZUL,2017,BT-50 STD FL 2.2 CS 4X2 TM,CAMIONETA,05-07-2017,2014,USO PARTICULAR,04-07-2022,
HBB3605,HINO,BLANCO,2016,GD8JLSA AC 7.7 2P 4X2 TM DIESEL,CAMION,08-09-2016,2014,USO PARTICULAR,29-06-2022,
HBB5356,SUZUKI,BLANCO,2020,GRAND VITARA SZ 2.0L 5P TM 4X2 FL,VEH. UTILITARIO,22-07-2020,2012,USO PARTICULAR,31-07-2020,
HBB5613,FORD,NEGRO,2017,F150 RC 4X2,CAMIONETA,24-04-2017,2012,USO PARTICULAR,23-04-2022,
HBB5945,CHEVROLET,ROJO,2016,D-MAX DOHC AC 2.4 CD 4X2 TM,CAMIONETA,15-09-2016,2015,USO PARTICULAR,14-09-2021,
HBB6099,TOYOTA,PLOMO,2016,ETT HILUX 4X2 CD TM 2.7 4P,CAMIONETA,18-03-2016,2013,USO PARTICULAR,17-03-2021,
HBB7093,MAZDA,BLANCO,2017,BT-50 STD FL 2.2 CD 4X2 TM,CAMIONETA,09-06-2017,2014,USO PUBLICO,08-06-2022,
HBB7432,NISSAN,PLOMO,2020,TIIDA ENTRY AC 1.6 4P 4X2 TM,AUTOMOVIL,06-03-2020,2014,USO PARTICULAR,05-03-2025,
HBB8107,MAZDA,BLANCO,2018,BT-50 STD FL 2.2 CD 4X2 TM,CAMIONETA,14-08-2018,2014,USO PUBLICO,31-08-2023,
HBB8144,TOYOTA,PLOMO,2018,FORTUNER AC 2.7 5P 4X4 TM,VEH. UTILITARIO,27-11-2018,2014,USO PARTICULAR,26-11-2023,
HBB9185,CHEVROLET,BLANCO,2016,NLR 55E 2.8 2P 4X2 TM DIESEL CN,CAMION,14-04-2016,2015,USO PARTICULAR,05-05-2024,
HBC1756,TOYOTA,DORADO,2018,HILUX 2.7 CD 4X2 TM,CAMIONETA,09-04-2018,2015,USO PARTICULAR,08-04-2023,
HBC2316,TOYOTA,BLANCO,2019,NEW RAV4 AC 2.0 5P 4X2 TM,VEH. UTILITARIO,16-06-2019,2015,USO PARTICULAR,31-07-2024,
HBC3634,NISSAN,PLATEADO,2016,VERSA AC 1.6 4P 4X2 TA,AUTOMOVIL,02-09-2016,2017,USO PARTICULAR,01-09-2021,
HBC3727,CHEVROLET,DORADO,2019,AVEO EMOTION GLS AC 1.6 4P 4X2 TM,AUTOMOVIL,11-07-2019,2017,USO PARTICULAR,09-07-2024,
HBC4194,TOYOTA,PLATEADO,2018,NEW HILUX 2.7 CD 4X2 TM,CAMIONETA,12-06-2018,2017,USO PARTICULAR,11-06-2023,
HBC4281,KIA,PLATEADO,2017,RIO R LX 1.4 4P 4X2 TM,AUTOMOVIL,23-02-2017,2017,USO PARTICULAR,22-02-2022,
HBC4437,SUZUKI,VINO,2017,GRAND VITARA SZ AC 2.0 5P 4X2 TM,SIN VALOR,03-04-2017,2017,USO PARTICULAR,02-04-2022,
HBC4625,FORD,BLANCO,2017,RANGER XLS AC 2.5 CD 4X2 TM,CAMIONETA,17-05-2017,2016,USO PARTICULAR,16-05-2022,
HBC4751,NISSAN,VERDE,2019,X-TRAIL SENSE CVT AC 2.5 5P 4X2 TA,VEH. UTILITARIO,06-06-2019,2017,USO PARTICULAR,04-06-2024,
HBC5171,GREAT WALL,NEGRO,2017,WINGLE AC 2.4 CD 4X2 TM,CAMIONETA,14-08-2017,2018,USO PARTICULAR,13-08-2022,
HBC5839,FORD,PLATEADO,2017,EXPLORER XLT AC 3.5 5P 4X4 TA,SIN VALOR,22-11-2017,2017,USO PARTICULAR,21-11-2022,
HBC5902,HYUNDAI,AMARILLO,2018,ACCENT 1.4 4P 4X2 TM,AUTOMOVIL,04-12-2018,2018,USO PUBLICO,31-03-2023,
HBC7266,GREAT WALL,ROJO,2018,WINGLE 5 AC 2.4 CD 4X2 TM,CAMIONETA,11-05-2018,2019,USO PARTICULAR,10-05-2023,
HBC7530,CHEVROLET,DORADO,2018,N300 MAX CARGO AC 1.2 5P 4X2 TM,CAMIONETA,14-06-2018,2019,USO PARTICULAR,13-06-2023,
HBC7572,NISSAN,BLANCO,2018,X-TRAIL SENSE 2 ROW AC 2.5 5P 4X2 TA,SIN VALOR,19-06-2018,2019,USO PARTICULAR,18-06-2023,
HBC7578,GREAT WALL,PLATEADO,2018,WINGLE 5 AC 2.2 CD 4X2 TM,CAMIONETA,19-06-2018,2019,USO PARTICULAR,18-06-2023,
HBC7618,FORD,NEGRO,2018,F150 RC AC 3.5 CS 4X4 TA,CAMIONETA,23-11-2018,2017,USO PARTICULAR,22-11-2023,
HC298I,SHINERAY,AZUL,2018,XY125-8,MOTOCICLETA,30-08-2018,2009,USO PARTICULAR,30-09-2023,
HCN0043,HYUNDAI,CREMA,2017,TUCSON 4X2 STD TM BHW5B2615 DDF67,VEH. UTILITARIO,21-04-2017,2009,USO PARTICULAR,20-04-2022,
HCN0107,MAZDA,AZUL,2017,BT-50 2.6 CS 4X4,CAMIONETA,30-08-2017,2009,USO PARTICULAR,29-08-2022,
HCN0253,SUZUKI,ROJO,2017,GRAND VITARA SZ 2.0L 5P TA 4X2,VEH. UTILITARIO,13-11-2017,2009,USO PARTICULAR,25-04-2024,
HCN0345,MAZDA,ROJO,2017,BT-50 2.6 CD ACTION 4X4,CAMIONETA,08-06-2017,2009,USO PARTICULAR,07-06-2022,
HCN0390,HYUNDAI,AZUL,2016,TUCSON 5P 4X2 2.0 TM,VEH. UTILITARIO,01-11-2016,2009,USO PARTICULAR,31-10-2021,
HCN0873,CHEVROLET,BLANCO,2020,LUV D-MAX 3.0L DIESEL CD TM 4X4,CAMIONETA,21-10-2020,2009,USO PUBLICO,30-04-2025,
HE132D,BAJAJ,AZUL,2020,PULSAR 135 LS,MOTOCICLETA,14-09-2020,2013,USO PARTICULAR,13-09-2025,
HE154E,TRAXX,AZUL,2015,TX200GY-8F,MOTOCICLETA,10-09-2015,2010,USO PARTICULAR, ,
HE174E,SUKIDA,NEGRO,2019,SK200GY-A SKR200,MOTOCICLETA,12-06-2019,2010,USO PARTICULAR,10-06-2024,
AA045C,TVS,ROJO,2017,KING,MOTOCICLETA,21-06-2017,2010,USO PUBLICO, ,
AA073C,PIAGGIO,VERDE,2015,APE CITY PASSENGER,MOTOCICLETA,25-03-2015,2011,USO PUBLICO, ,
AA089C,PIAGGIO,VERDE,2014,APE CITY PASSENGER,MOTOCICLETA,14-04-2014,2010,USO PUBLICO, ,
AA604D,TUKO,PLATEADO,2018,TK 150 H2 CRM,MOTOCICLETA,13-06-2018,2017,USO PARTICULAR,12-06-2023,
AA700A,BAJAJ,ROJO,2016,RE205,MOTOCICLETA,09-06-2016,2012,USO PUBLICO,08-06-2021,
AA930D,RANGER,NEGRO,2018,150 BWSM,MOTOCICLETA,16-06-2018,2018,USO PARTICULAR,15-06-2023,
AAA4682,TATA DAEWOO,BLANCO,2018,K4DEF AC 11.1 2P 6X4 TM DIESEL,VEHICULO ESPECIAL,06-06-2018,2019,USO PARTICULAR,05-06-2023,
AAY0059,HINO,BLANCO,2016,FS1ELVD,VEHICULO ESPECIAL,07-11-2016,2009,USO PUBLICO,06-11-2021,
ABA3854,CHEVROLET,ROJO,2019,VITARA 1.6L 3P STD TM 4X4,VEH. UTILITARIO,07-03-2019,2009,USO PARTICULAR,05-03-2024,
ABA5900,TOYOTA,PLATEADO,2016,CCT HILUX 4X4 CD DIESEL,CAMIONETA,29-12-2016,2011,USO PARTICULAR,09-03-2024,
ABB4083,LEXUS,BLANCO,2015,HS 250 HYBRID,AUTOMOVIL,20-08-2015,2010,USO PARTICULAR, ,
ABC2794,TOYOTA,PLOMO,2020,AWT FORTUNER TM,VEH. UTILITARIO,06-08-2020,2012,USO PARTICULAR,31-05-2025,
ABC5334,CHEVROLET,PLATEADO,2017,LUV D-MAX 3.5L V6 CD TM 4X2,CAMIONETA,30-10-2017,2009,USO PARTICULAR,31-05-2022,
ABF9081,TOYOTA,BLANCO,2016,NEW HILUX 2.7 CS 4X2 TM,CAMIONETA,11-03-2016,2016,USO PARTICULAR,10-03-2021,
ABH2482,CHERY,NEGRO,2018,A13T TIGGO2 LUX AC 1.5 5P 4X2 TM,SIN VALOR,12-04-2018,2018,USO PARTICULAR,11-04-2023,
ABH2639,PEUGEOT,BLANCO,2018,301 N1 16E AC 1.6 4P 4X2 TM,AUTOMOVIL,26-04-2018,2019,USO PARTICULAR,25-04-2023,
ABH2705,KIA,PLOMO,2018,SPORTAGE SL AC 2.0 5P 4X2 TM,SIN VALOR,03-05-2018,2019,USO PARTICULAR,02-05-2023,
ABH2797,SUZUKI,BLANCO,2019,SCROSS AC 1.6 5P 4X2 TM,VEH. UTILITARIO,13-11-2019,2019,USO PARTICULAR,11-11-2024,
AC303M,LONCIN,ROJO,2017,LX110-4III,MOTOCICLETA,16-08-2017,2017,USO PARTICULAR,15-08-2022,
AC393M,MOTOR UNO,NEGRO,2017,M1R250,MOTOCICLETA,25-08-2017,2017,USO PARTICULAR,24-08-2022,
AC634M,TUNDRA,NEGRO,2017,TD250GY-4,MOTOCICLETA,07-09-2017,2015,USO PARTICULAR,06-09-2022,
AC685M,BAJAJ,AZUL,2019,PULSAR 135 LS,MOTOCICLETA,08-10-2019,2015,USO PARTICULAR,06-10-2024,
AE369B,BAJAJ,BLANCO,2017,PULSAR 200 NS,MOTOCICLETA,28-12-2017,2018,USO PARTICULAR,27-12-2022,
AE836B,RANGER,ROJO,2018,BS200-6,MOTOCICLETA,27-03-2018,2018,USO PARTICULAR,26-03-2023,
AE912B,LONCIN,NEGRO,2018,LX200-SX1,MOTOCICLETA,06-04-2018,2017,USO PARTICULAR,05-04-2023,
AGE0658,TOYOTA,CREMA,2018,CDT HILUX 4X4 CD AA DIESEL,CAMIONETA,21-06-2018,2009,USO PARTICULAR,20-06-2023,
AGE0874,HYUNDAI,BLANCO,2019,SANTA FE 7PAS 4X2 2.7 TM SFULL,VEH. UTILITARIO,20-05-2019,2009,USO PARTICULAR,18-05-2024,
AGJ0634,CHEVROLET,AZUL,2018,AVEO ACTIVO 1.6L 4P AC,AUTOMOVIL,22-05-2018,2010,USO PARTICULAR,31-05-2023,
BBW0215,MAZDA,BLANCO,2017,BT-50 CH 4X2 STD GAS 2.2,CAMIONETA,28-06-2017,2009,USO PARTICULAR,27-06-2022,
BBW0242,CHEVROLET,ROJO,2018,AVEO ACTIVO 1.6L 4P STD,AUTOMOVIL,19-03-2018,2009,USO PARTICULAR,18-03-2023,
BBW0886,KIA,AZUL,2017,SPORTAGE R 2.0L 4X2 GSL MT,VEH. UTILITARIO,20-03-2017,2011,USO PARTICULAR,19-03-2022,
CAA1022,HYUNDAI,AMARILLO,2016,ACCENT SEDAN 1.4 STD,AUTOMOVIL,06-10-2016,2012,USO PUBLICO,29-12-2020,
CAA1368,CHEVROLET,BLANCO,2018,FTR 34P 7.8 2P 4X2 TM DIESEL,CAMION,20-08-2018,2015,USO PARTICULAR,19-08-2023,
CAA1460,CHEVROLET,BLANCO,2020,NPR 75H 5.2 2P 4X2 TM DIESEL,CAMION,03-02-2020,2015,USO PUBLICO,01-01-2025,
CAA2107,HINO,BLANCO,2017,GH8JMSA AC 7.7 2P 4X2 TM DIESEL,CAMION,29-05-2017,2017,USO PUBLICO,28-05-2022,
CAH0352,MAZDA,BLANCO,2017,BT-50 CS 4X2 STD GAS 2.2 RPA FL,CAMIONETA,11-05-2017,2011,USO PUBLICO,10-05-2022,
CAH0491,HYUNDAI,AMARILLO,2015,ACCENT SEDAN 1.4 STD,AUTOMOVIL,11-02-2015,2012,USO PUBLICO, ,
CBA1009,CHEVROLET,AZUL,2017,AVEO EMOTION 1.6L GLS,AUTOMOVIL,16-10-2017,2010,USO PARTICULAR,15-10-2022,
CBA1275,CHEVROLET,PLOMO,2019,AVEO ACTIVO 1.6L 4P STD,AUTOMOVIL,01-07-2019,2010,USO PARTICULAR,29-06-2024,
CBA1499,CHEVROLET,NEGRO,2020,AVEO ACTIVO 1.6L 4P STD,AUTOMOVIL,25-07-2020,2011,USO PARTICULAR,24-07-2025,
CBA2039,SUZUKI,DORADO,2018,GRAND VITARA SZ 2.0L 5P TM 4X2 FL,VEH. UTILITARIO,07-08-2018,2012,USO PARTICULAR,06-08-2023,
CBA2306,RENAULT,PLOMO,2017,LOGAN 1.6 M/T,AUTOMOVIL,28-08-2017,2012,USO PARTICULAR,27-08-2022,
CBA2579,TOYOTA,PLOMO,2016,BRT HILUX 4X4 CD SR TM 2.7 4P,CAMIONETA,26-01-2016,2013,USO PARTICULAR,30-10-2022,
CBA2624,CHEVROLET,DORADO,2017,LUV D-MAX CD OPTIMA TM 2.4 4X2,CAMIONETA,24-05-2017,2013,USO PARTICULAR,23-05-2022,
CBA2741,CHEVROLET,ROJO,2019,SPARK STD ACTIVO TM 1.0 5P 4X2,AUTOMOVIL,12-04-2019,2013,USO PARTICULAR,10-04-2024,
CBA3073,HYUNDAI,ANARANJADO,2016,GRAND I10 1.2 5P 4X2 TM,AUTOMOVIL,15-07-2016,2015,USO PARTICULAR,14-07-2021,
CBA3152,CHEVROLET,PLATEADO,2019,AVEO FAMILY STD 1.5 4P 4X2 TM,AUTOMOVIL,29-03-2019,2015,USO PARTICULAR,31-03-2024,
CBA3513,CHEVROLET,BLANCO,2016,SAIL STD 1.4 4P 4X2 TM,AUTOMOVIL,28-12-2016,2016,USO PARTICULAR,27-12-2021,
CBA3676,KIA,BLANCO,2019,SPORTAGE SL AC 2.0 5P 4X2 TM,VEH. UTILITARIO,25-07-2019,2018,USO PARTICULAR,23-07-2024,
CBO0697,KIA,BLANCO,2020,SPORTAGE L 2.0L 4X2 GSL,VEH. UTILITARIO,05-02-2020,2009,USO PARTICULAR,03-02-2025,
CBO0771,CHEVROLET,ROJO,2009,LUV D-MAX 2.5L DIESEL CS CHASIS TM 4X2,CAMIONETA,23-01-2009,2009,USO PARTICULAR, ,
CBR0099,MAZDA,BLANCO,2019,BT-50 CD 4X2 ACTION GAS 2.6,CAMIONETA,26-10-2019,2009,USO PARTICULAR,31-10-2024,
CEA0258,CHEVROLET,PLATEADO,2017,LUV D-MAX 3.0L DIESEL CD TM 4X4,CAMIONETA,09-05-2017,2009,USO ESTATAL,08-05-2022,
CEA0266,MAZDA,BLANCO,2018,BT-50 CS 4X4 STD GAS 2.6,VEHICULO ESPECIAL,17-08-2018,2009,USO ESTATAL,31-07-2023,
CEA0268,KIA,BLANCO,2019,PREGIO,VEHICULO ESPECIAL,23-09-2019,2008,USO ESTATAL,30-09-2024,
CEA0289,CHEVROLET,PLATEADO,2019,LUV D-MAX 3.5L V6 CD TM 4X4,CAMIONETA,16-10-2019,2010,USO PARTICULAR,31-10-2024,
CEA1066,CHEVROLET,BLANCO,2017,LUV D-MAX 3.0L DIESEL CD TM 4X4,CAMIONETA,04-08-2017,2009,USO ESTATAL,03-08-2022,
CEI1089,CHEVROLET,PLATEADO,2020,D-MAX CRDI AC 3.0 CD 4X4 TM DIESEL,CAMIONETA,14-10-2020,2016,USO ESTATAL,31-10-2025,
CMA1001,CHEVROLET,DORADO,2019,LUV D-MAX 3.0L DIESEL CD TM 4X4 EXTREME,CAMIONETA,26-02-2019,2011,USO PARTICULAR,29-02-2024,
CMA1301,SUZUKI,PLATEADO,2015,GRAND VITARA SZ 2.7L V6 5P TM 4X4,VEH. UTILITARIO,25-02-2015,2010,USO ESTATAL,24-02-2020,
CMA1306,CHEVROLET,NEGRO,2019,LUV D-MAX 3.0L DIESEL CD TM 4X4 EXTREME,CAMIONETA,02-09-2019,2012,USO ESTATAL,31-07-2024,
CMA1315,MAZDA,BLANCO,2017,BT-50 CD 4X2 ACTION GAS 2.6 FL,CAMIONETA,04-07-2017,2012,USO ESTATAL,03-07-2022,
CMA1326,MAZDA,PLATEADO,2019,BT-50 STD FL AC 2.6 CD 4X4 TM,CAMIONETA,15-08-2019,2015,USO ESTATAL,31-07-2024,
CPA1036,NISSAN,BLANCO,2019,NP300 FRONTIER CABINA DOBLE 4X2 2.4 MT 16V,CAMIONETA,15-07-2019,2010,USO ESTATAL,31-07-2024,
EAA1417,ZHONGTONG,ANARANJADO,2019,LCK6129H AC 10.8 2P 4X2 TM DIESEL,AUTOBUS,12-09-2019,2015,USO PUBLICO,31-08-2024,
EAA2123,FOTON,ROJO,2018,BJ4183SLFJA-2 AC 11.6 2P 4X2 TM DIESEL,UNIDAD DE CARGA Y REMOLQUE,13-03-2018,2017,USO PUBLICO,12-03-2023,
GBJ0971,CHEVROLET,AMARILLO,2018,CHEVYTAXI A/C,AUTOMOVIL,23-02-2018,2010,USO PUBLICO,28-02-2023,
GBL0042,CHEVROLET,AMARILLO,2015,CHEVYTAXI A/C,AUTOMOVIL,31-07-2015,2010,USO PUBLICO,29-12-2020,
GBL0951,CHEVROLET,AMARILLO,2018,CHEVYTAXI STD,AUTOMOVIL,03-08-2018,2010,USO PUBLICO,28-02-2023,
GBN1513,KIA,AMARILLO,2014,PREGIO,CAMIONETA,20-10-2014,2010,USO PUBLICO,04-06-2023,
GBN4683,KIA,AMARILLO,2017,PREGIO,CAMIONETA,20-02-2017,2012,USO PUBLICO,16-07-2023,
GBN6104,YUTONG,AMARILLO,2015,ZK6107HA AC 6.7 1P 4X2 TM DIESEL,AUTOBUS,11-03-2015,2015,USO PUBLICO,31-05-2024,
GBN9071,MERCEDES BENZ,BLANCO,2020,OF 1721-59,AUTOBUS,17-06-2020,2011,USO PUBLICO,28-02-2025,
GBO2353,NISSAN,AMARILLO,2017,VERSA AC 1.6 4P 4X2 TM,AUTOMOVIL,22-06-2017,2017,USO PUBLICO,21-06-2022,
GBO3364,HINO,BLANCO,2018,AK8JRSA 7.7 4X2 TM DIESEL CN,AUTOBUS,06-03-2018,2018,USO PUBLICO,05-03-2023,
GBO5638,CHEVROLET,BLANCO,2018,MT134S BUS 7.8 3P 4X2 TM DIESEL,AUTOBUS,19-06-2018,2018,USO PUBLICO,18-06-2023,
GBO5713,CHEVROLET,BLANCO,2018,FVZ 34P AC 7.8 2P 6X4 TM DIESEL,VEHICULO ESPECIAL,04-07-2018,2016,USO PUBLICO,03-07-2023,
GQX0152,CHEVROLET,BLANCO,2017,AVEO ACTIVO 1.6L 4P AC,AUTOMOVIL,06-03-2017,2009,USO PARTICULAR,05-03-2022,
GRF0573,MAZDA,AZUL,2015,BT-50 CD 4X4 ACTION CO CRD 2.5,CAMIONETA,25-04-2015,2009,USO PARTICULAR,21-09-2021,
GRF0946,NISSAN,CREMA,2013,TIIDA 1.6 MT,AUTOMOVIL,02-04-2013,2009,USO PARTICULAR,13-12-2020,
GRJ0728,HYUNDAI,CREMA,2013,SANTA FE 7PAS 4X2 2.2 TA DSL,VEH. UTILITARIO,17-09-2013,2009,USO PARTICULAR,02-05-2021,
GRM0960,CHEVROLET,VINO,2014,LUV D-MAX 2.4L CD TM 4X2,CAMIONETA,24-06-2014,2009,USO PARTICULAR,22-01-2024,
GRW8190,FORD,NEGRO,2010,ESCAPE HIBRIDO,VEH. UTILITARIO,04-03-2010,2010,USO PARTICULAR,29-11-2021,
GRW8966,CHEVROLET,BLANCO,2018,GRAND VITARA 2.0L 5P DLX TM 4X2,VEH. UTILITARIO,27-09-2018,2010,USO PARTICULAR,31-07-2024,
GRY4257,HYUNDAI,NEGRO,2019,SANTA FE 7PAS 4X2 2.4 TA FULL,VEH. UTILITARIO,26-12-2019,2010,USO PARTICULAR,31-08-2024,
GRZ1981,RENAULT,VINO,2014,LOGAN 1.4 MT AC,AUTOMOVIL,18-06-2014,2011,USO PARTICULAR,31-01-2024,
GSA2882,CHEVROLET,BLANCO,2014,GRAND VITARA 2.0L 5P DLX TM 4X2,VEH. UTILITARIO,06-03-2014,2011,USO PARTICULAR,31-12-2015,
GSA3992,CHEVROLET,PLOMO,2012,VITARA AC 1.6 3P 4X4 TM,VEH. UTILITARIO,14-11-2012,2011,USO PARTICULAR,10-12-2022,
GSA7120,MAZDA,NEGRO,2015,BT-50 CD 4X2 ACTION GAS 2.6 FL,CAMIONETA,04-12-2015,2011,USO PARTICULAR,08-08-2022,
GSC4740,CHEVROLET,BLANCO,2015,AVEO ACTIVO 1.6L 4P STD,AUTOMOVIL,29-12-2015,2012,USO PARTICULAR,29-06-2023,
GSC5816,MAZDA,AZUL,2016,BT-50 CD 4X2 STD GAS 2.2 FL,CAMIONETA,24-06-2016,2012,USO PARTICULAR, ,
GSC5893,CHEVROLET,BLANCO,2017,AVEO FAMILY 1.5L TM STD,AUTOMOVIL,29-12-2017,2011,USO PARTICULAR,28-12-2022,
GSD1419,SUZUKI,PLOMO,2019,GRAND VITARA SZ 2.0L 5P TM 4X2 FL,VEH. UTILITARIO,21-10-2019,2012,USO PARTICULAR, ,
GSF4655,HINO,AMARILLO,2015,FM1JLUD TM 7.96 2P 6X4,VEHICULO ESPECIAL,28-08-2015,2013,USO PARTICULAR,29-06-2021,
GSG4473,CHEVROLET,BLANCO,2015,AVEO EMOTION GLS TM 1.6 4P 4X2,AUTOMOVIL,30-03-2015,2013,USO PARTICULAR,16-07-2022,
GSH3300,CHEVROLET,BLANCO,2013,N300 MOVE PASAJEROS FULL AC 1.2 4P 4X2 TM,CAMIONETA,07-03-2013,2013,USO PARTICULAR,30-11-2017,
GSI3508,SINOTRUK,BLANCO,2013,ZZ3257N3247B AC 9.7 2P 6X4 TM DIESEL,SIN VALOR,13-06-2013,2013,USO PARTICULAR, ,
GSI6501,CHEVROLET,PLATEADO,2017,N300 MOVE PASAJEROS FULL AC 1.2 4P 4X2 TM,CAMIONETA,23-02-2017,2013,USO PARTICULAR,27-02-2022,
GSI7840,HINO,BLANCO,2017,XZU710L-HKFQL3 4.0 2P 4X2 TM DIESEL,CAMION,24-02-2017,2014,USO PARTICULAR,29-11-2022,
GSK7205,NISSAN,AZUL,2017,SENTRA ADVANCE AC 1.8 4P 4X2 TA,AUTOMOVIL,22-06-2017,2014,USO PARTICULAR,09-09-2023,
GSL3068,QMC,BLANCO,2017,CRONOS 3.0 TM 3.3 2P 4X2,CAMION,28-09-2017,2013,USO PARTICULAR,30-09-2018,
GSL4079,CHEVROLET,BLANCO,2014,D-MAX CRDI 3.0 CD 4X4 TM DIESEL,CAMIONETA,13-05-2014,2014,USO PARTICULAR,04-05-2022,
GSL7973,NISSAN,PLOMO,2014,MARCH AC 1.6 4P 4X2 TM,AUTOMOVIL,04-07-2014,2014,USO PARTICULAR,17-08-2019,
GSM4750,FORD,ROJO,2018,F 150 SC,CAMIONETA,04-07-2018,2014,USO PARTICULAR, ,
GSM5322,CHEVROLET,BLANCO,2014,FTR 34P 7.8 2P 4X2 TM DIESEL,CAMION,29-08-2014,2014,USO PARTICULAR,28-08-2019,
GSN1309,JAC,BLANCO,2014,HFC1035KD AC 2.8 2P 4X2 TM DIESEL,CAMION,21-10-2014,2015,USO PARTICULAR,20-10-2019,
GSP1531,CHERY,PLOMO,2015,Q22L AC 1.2 5P 4X2 TM,CAMIONETA,10-06-2015,2016,USO PARTICULAR,08-06-2020,
GSR2025,MAZDA,PLOMO,2016,CX-5 AC 2.0 5P 4X2 TA,SIN VALOR,05-07-2016,2017,USO PARTICULAR,01-08-2023,
GSS2832,FORD,COBRE,2016,F150 LARIAT SC ECOBOOST AC 3.5 CD 4X4 TA,CAMIONETA,31-10-2016,2016,USO PARTICULAR,30-10-2021,
GST4355,TOYOTA,BLANCO,2017,NEW HILUX 2.4 CD 4X4 TM DIESEL,CAMIONETA,22-02-2017,2017,USO PARTICULAR,21-02-2022,
GST8395,CHEVROLET,DORADO,2017,AVEO FAMILY STD 1.5 4P 4X2 TM,AUTOMOVIL,02-05-2017,2017,USO PARTICULAR,27-04-2022,
GSU2588,CHEVROLET,PLATEADO,2017,D-MAX CRDI 3.0 CD 4X2 TM DIESEL,CAMIONETA,13-06-2017,2017,USO PARTICULAR,12-06-2022,
GSV5001,CHEVROLET,VINO,2017,SAIL LS AC 1.5 4P 4X2 TM,AUTOMOVIL,15-11-2017,2018,USO PARTICULAR,14-11-2022,
GSX1977,KIA,BLANCO,2018,RIO LX AC 1.4 4P 4X2 TM,AUTOMOVIL,27-01-2018,2018,USO PARTICULAR,27-05-2024,
GSX7153,HYUNDAI,PLATEADO,2018,TUCSON TL AC 2.0 5P 4X2 TM,VEH. UTILITARIO,31-03-2018,2018,USO PARTICULAR,30-03-2023,
GSZ2194,HYUNDAI,PLATEADO,2018,IONIQ GS AC 1.6 5P 4X2 TA HYBRID,AUTOMOVIL,12-05-2018,2018,USO PARTICULAR,15-01-2025,
GSZ2879,GREAT WALL,PLATEADO,2018,WINGLE 5 AC 2.2 CD 4X2 TM,CAMIONETA,22-05-2018,2019,USO PARTICULAR,21-05-2023,
GSZ2962,CHEVROLET,VINO,2018,SPARK LIFE STD 1.0 5P 4X2 TM,AUTOMOVIL,31-05-2018,2019,USO PARTICULAR,30-05-2023,
GSZ2991,CHEVROLET,BLANCO,2018,AVEO FAMILY STD 1.5 4P 4X2 TM,AUTOMOVIL,05-06-2018,2019,USO PARTICULAR,04-06-2023,
GSZ3328,CHEVROLET,ROJO,2018,D-MAX CRDI FULL AC 3.0 CD 4X4 TM DIESEL,CAMIONETA,07-06-2018,2018,USO PARTICULAR,06-06-2023,
GSZ4177,JAC,PLATEADO,2018,HFC1037DEV INTER AC 2.0 4P 4X2 TM,CAMIONETA,23-05-2018,2019,USO PARTICULAR,22-05-2023,
GSZ4184,HYUNDAI,PLOMO,2018,IONIQ GS AC 1.6 5P 4X2 TA HYBRID,AUTOMOVIL,23-05-2018,2018,USO PARTICULAR,22-05-2023,
GSZ5101,TOYOTA,ROJO,2018,HILUX 2.7 CD 4X2 TM,CAMIONETA,08-06-2018,2019,USO PARTICULAR,07-06-2023,
GSZ5279,KIA,PLATEADO,2018,SPORTAGE SL AC 2.0 5P 4X2 TA,VEH. UTILITARIO,04-06-2018,2019,USO PARTICULAR,03-06-2023,
GSZ8063,CHEVROLET,VINO,2018,SPARK LIFE STD 1.0 5P 4X2 TM,AUTOMOVIL,02-07-2018,2019,USO PARTICULAR,01-07-2023,
HAA1331,NISSAN,AMARILLO,2018,SENTRA 1.6 M/T,AUTOMOVIL,23-02-2018,2011,USO PUBLICO,22-02-2023,
HAA1485,HINO,BLANCO,2017,GH8JMSA,CAMION,28-06-2017,2012,USO PUBLICO,27-06-2022,
HAA2797,HINO,CREMA,2015,AK8JRSA AC 7.7 3P 4X2 TM DIESEL,AUTOBUS,06-10-2015,2016,USO PUBLICO,28-07-2024,
HAA2906,HINO,PLATEADO,2020,AK8JRSA 7.7 2P 4X2 TM DIESEL,AUTOBUS,29-07-2020,2016,USO PUBLICO,31-07-2020,
HBA1354,CHEVROLET,BLANCO,2019,NHR CHASIS CABINADO,CAMION,11-04-2019,2009,USO PARTICULAR,09-04-2024,
HBA1545,CHEVROLET,BLANCO,2019,LUV D-MAX 3.0L DIESEL  CD TM 4X2,CAMIONETA,28-11-2019,2009,USO PARTICULAR,26-11-2024,
HBA1687,CHEVROLET,NEGRO,2016,AVEO ACTIVO 1.6L 4P STD,AUTOMOVIL,24-06-2016,2009,USO PARTICULAR, ,
HBA2290,KIA,ROJO,2017,SOUL 1.6L LX MT,VEH. UTILITARIO,21-11-2017,2010,USO PARTICULAR,20-11-2022,
HBA2570,CHEVROLET,PLOMO,2018,AVEO ACTIVO 1.6L 4P STD,AUTOMOVIL,18-01-2018,2010,USO PARTICULAR,17-01-2023,
HBA3349,CHEVROLET,AMARILLO,2017,AVEO ACTIVO 1.6L 4P STD,AUTOMOVIL,28-03-2017,2011,USO PUBLICO,27-03-2022,
HBA3654,CHEVROLET,PLATEADO,2020,LUV D-MAX 2.4L CD TM 4X2 OPTIMA,CAMIONETA,13-02-2020,2012,USO PARTICULAR,11-02-2025,
HBA4481,MAZDA,VINO,2014,BT-50 CD 4X4 STD CRD 2.5 FL,CAMIONETA,28-01-2014,2010,USO PARTICULAR,20-01-2025,
HBA4645,SUZUKI,ROJO,2016,GRAND VITARA SZ 2.0L 5P TM 4X2,VEH. UTILITARIO,02-08-2016,2010,USO PARTICULAR,27-01-2025,
HBA4693,CHEVROLET,PLOMO,2017,AVEO ACTIVO 1.6L 4P STD,AUTOMOVIL,06-12-2017,2010,USO PARTICULAR,05-12-2022,
HBA5017,HYUNDAI,BLANCO,2017,HD78 CHASIS CABINADO,CAMION,21-02-2017,2010,USO PARTICULAR, ,
HBA5863,CHEVROLET,PLOMO,2020,AVEO FAMILY 1.5L TM STD,AUTOMOVIL,13-08-2020,2011,USO PARTICULAR,30-04-2025,
HBA5903,HINO,BLANCO,2017,FC9JJSA,CAMION,22-03-2017,2011,USO PUBLICO,21-03-2022,
HBA6167,CHEVROLET,VINO,2019,AVEO EMOTION 1.6L GLS,AUTOMOVIL,07-12-2019,2011,USO PARTICULAR,31-08-2024,
HBA7859,CHEVROLET,BLANCO,2015,LUV D-MAX 2.4L CD TM 4X2 OPTIMA,CAMIONETA,17-09-2015,2011,USO PARTICULAR, ,
HBA8305,CHEVROLET,BLANCO,2016,NHR CHASIS CABINADO,CAMION,24-05-2016,2012,USO PARTICULAR,23-05-2021,
HBA9904,CHEVROLET,BLANCO,2020,GRAND VITARA 2.0L 5P DLX TM 4X2,VEH. UTILITARIO,22-10-2020,2011,USO PARTICULAR,21-10-2025,
HBB2388,MAZDA,PLATEADO,2016,BT-50 CS STD FL TM 2.6 2P 4X4,CAMIONETA,01-09-2016,2013,USO PARTICULAR,31-08-2021,
HBB2782,SUZUKI,AZUL,2018,GRAND VITARA SZ FL TM 2.0 5P 4X2,VEH. UTILITARIO,07-03-2018,2013,USO PARTICULAR,06-03-2023,
HBB3068,HYUNDAI,DORADO,2017,TUCSON IX TA 2.0 5P 4X2,VEH. UTILITARIO,14-09-2017,2013,USO PARTICULAR,13-09-2022,
HBB3737,CHEVROLET,VINO,2018,SAIL STD TM 1.4 4P 4X2,AUTOMOVIL,20-06-2018,2014,USO PARTICULAR,19-06-2023,
HBB3884,NISSAN,AZUL,2020,X-TRAIL SENSE CVT AC 2.5 5P 4X2 TA,VEH. UTILITARIO,03-08-2020,2016,USO PARTICULAR,31-05-2025,
HBB3893,NISSAN,NEGRO,2017,KICKS DRIVE AC 1.6 5P 4X2 TM,SIN VALOR,22-05-2017,2018,USO PARTICULAR,21-05-2022,
HBB5432,CHEVROLET,DORADO,2018,LUV D-MAX 2.4L CS TM 4X2 OPTIMA,CAMIONETA,15-02-2018,2012,USO PARTICULAR,31-03-2023,
HBB7107,CHEVROLET,BLANCO,2016,GRAND VITARA STD TM 2.0 5P 4X2,VEH. UTILITARIO,28-12-2016,2013,USO PARTICULAR,27-12-2021,
HBB8727,MAZDA,NEGRO,2016,BT-50 CD STD CRD FL TM 2.49 4P 4X4,CAMIONETA,09-11-2016,2013,USO PARTICULAR,08-11-2021,
HBC1428,NISSAN,CAFE,2015,VERSA AC 1.6 4P 4X2 TM,AUTOMOVIL,13-03-2015,2015,USO PARTICULAR,30-09-2019,
HBC2573,MAZDA,BLANCO,2018,BT-50 STD GAS FL 2.6 CD 4X2 TM,CAMIONETA,24-04-2018,2016,USO PUBLICO,30-04-2023,
HBC3400,TOYOTA,NEGRO,2016,FORTUNER AC 2.7 5P 4X4 TM,VEH. UTILITARIO,10-06-2016,2016,USO PARTICULAR,09-06-2021,
HBC3665,SUZUKI,ROJO,2016,GRAND VITARA SZ NEXT SPORT AC 2.0 5P 4X2 TM,VEH. UTILITARIO,14-09-2016,2016,USO PARTICULAR,13-09-2021,
HBC3886,CHEVROLET,ROJO,2016,AVEO FAMILY STD 1.5 4P 4X2 TM,AUTOMOVIL,23-11-2016,2017,USO PARTICULAR,22-11-2021,
HBC4147,CHEVROLET,AMARILLO,2017,AVEO FAMILY STD 1.5 4P 4X2 TM,AUTOMOVIL,24-02-2017,2017,USO PUBLICO,23-02-2022,
HBC4259,KIA,PLOMO,2017,SPORTAGE SL AC 2.0 5P 4X2 TM,SIN VALOR,20-02-2017,2017,USO PARTICULAR,19-02-2022,
HBC4569,NISSAN,PLOMO,2017,KICKS DRIVE AC 1.6 5P 4X2 TM,SIN VALOR,05-05-2017,2018,USO PARTICULAR,04-05-2022,
HBC4579,NISSAN,PLOMO,2020,VERSA AC 1.6 4P 4X2 TM,AUTOMOVIL,01-09-2020,2018,USO PARTICULAR,31-08-2025,
HBC4676,TOYOTA,BLANCO,2017,NEW RAV4 AC 2.0 5P 4X2 TM,SIN VALOR,31-05-2017,2018,USO PARTICULAR,30-05-2022,
HBC4822,NISSAN,VINO,2018,KICKS DRIVE AC 1.6 5P 4X2 TM,VEH. UTILITARIO,23-04-2018,2018,USO PARTICULAR,22-04-2023,
HBC4965,HYUNDAI,PLATEADO,2017,IONIQ AC 1.6 5P 4X2 TA HYBRID,AUTOMOVIL,20-07-2017,2017,USO PARTICULAR,19-07-2022,
HBC4982,CHEVROLET,PLOMO,2017,D-MAX CRDI 3.0 CD 4X2 TM DIESEL,CAMIONETA,24-07-2017,2018,USO PARTICULAR,23-07-2022,
HBC5148,CHEVROLET,VINO,2017,SAIL LS STD 1.5 4P 4X2 TM,AUTOMOVIL,09-08-2017,2018,USO PARTICULAR,08-08-2022,
HBC5276,KIA,BLANCO,2017,PICANTO LX AC 1.2 4P 4X2 TM,AUTOMOVIL,29-08-2017,2018,USO PARTICULAR,28-08-2022,
HBC5716,CHEVROLET,PLOMO,2017,AVEO FAMILY STD 1.5 4P 4X2 TM,AUTOMOVIL,06-11-2017,2018,USO PARTICULAR,05-11-2022,
HBC5802,FORD,BLANCO,2017,RANGER XLS AC 2.5 CD 4X2 TM,CAMIONETA,16-11-2017,2018,USO PARTICULAR,15-11-2022,
HBC6095,VOLKSWAGEN,CAFE,2017,POLO NB TRENDLINE 6042G4 AC 1.6 4P 4X2 TM,AUTOMOVIL,20-12-2017,2018,USO PARTICULAR,19-12-2022,
HBC6434,CHEVROLET,PLOMO,2018,SAIL LT AC 1.5 4P 4X2 TM,AUTOMOVIL,07-02-2018,2018,USO PARTICULAR,06-02-2023,
HBC7177,KIA,AMARILLO,2019,RIO LX AC 1.4 4P 4X2 TM,AUTOMOVIL,27-05-2019,2019,USO PUBLICO,25-05-2024,
HBC7294,TOYOTA,ROJO,2018,NEW HILUX 2.4 CD 4X4 TM DIESEL,CAMIONETA,16-05-2018,2019,USO PARTICULAR,15-05-2023,
HBC7384,TOYOTA,BLANCO,2018,HILUX 2.7 CD 4X2 TM,CAMIONETA,05-07-2018,2018,USO PARTICULAR,04-07-2023,
HBC7509,JAC,PLOMO,2018,HFC1037DEV INTER AC 2.0 4P 4X2 TM,CAMIONETA,12-06-2018,2019,USO PARTICULAR,11-06-2023,
HC004V,TRAXX,PLOMO,2020,TX150T-6,MOTOCICLETA,04-08-2020,2011,USO PARTICULAR,31-05-2025,
HE335E,SUKIDA,NEGRO,2020,SK250GY-4 SKR250,MOTOCICLETA,23-09-2020,2011,USO PARTICULAR,30-06-2025,
HE351D,TUNDRA,NEGRO,2018,TD200-3AAQ,MOTOCICLETA,05-06-2018,2013,USO PARTICULAR,28-02-2023,
AA005C,TVS,ROJO,2018,KING,MOTOCICLETA,19-01-2018,2010,USO PUBLICO, ,
AA589I,BAJAJ,BLANCO,2018,RE 205,MOTOCICLETA,22-02-2018,2013,USO PARTICULAR,21-02-2023,
AAA4683,TATA DAEWOO,BLANCO,2018,K4DEF AC 11.1 2P 6X4 TM DIESEL,VEHICULO ESPECIAL,06-06-2018,2019,USO PARTICULAR,05-06-2023,
AB051J,SHINERAY,NEGRO,2018,XY125-30A,MOTOCICLETA,13-06-2018,2019,USO PARTICULAR,12-06-2023,
AB105F,MOTOR UNO,BLANCO,2018,ROCKET 125,MOTOCICLETA,13-06-2018,2016,USO PARTICULAR,12-06-2023,
AB278O,SHINERAY,AZUL,2019,XY150-10D,MOTOCICLETA,21-10-2019,2018,USO PARTICULAR,19-10-2024,
ABA1740,HINO,BLANCO,2019,GH1JMUA,CAMION,22-12-2019,2009,USO PARTICULAR,20-12-2024,
ABA2210,FORD,PLOMO,2009,F 150 SUPER CREW 4X2 W12,CAMION,19-10-2009,2009,USO PARTICULAR, ,
ABA3123,KIA,NEGRO,2019,SPORTAGE LX 2.0L 4X2 GSL AT,VEH. UTILITARIO,27-07-2019,2010,USO PARTICULAR,25-07-2024,
ABA3223,MAZDA,VINO,2017,BT-50 CD 4X2 STD CRD 2.5 FL,CAMIONETA,08-08-2017,2010,USO PARTICULAR,07-08-2022,
ABC1572,HYUNDAI,BLANCO,2019,HD72 LWB 3.9 2P 4X2 TM DIESEL,CAMION,15-05-2019,2009,USO PUBLICO,31-03-2024,
ABC9282,VOLKSWAGEN,BLANCO,2017,AMAROK 4X2 HIGHLINE 2HBCB3,CAMIONETA,22-03-2017,2012,USO PARTICULAR,21-03-2022,
ABD5509,CHEVROLET,BLANCO,2018,NLR 55E CAMION 2.8 2P 4X2 TM DIESEL,CAMION,14-02-2018,2013,USO PARTICULAR,13-02-2023,
ABE3003,KIA,PLOMO,2018,SPORTAGE LX DAB AC 2.0 4P 4X2 TA,VEH. UTILITARIO,18-04-2018,2015,USO PARTICULAR,17-04-2023,
ABF6682,CHEVROLET,BLANCO,2020,AVEO EMOTION ADVANCE GLS AC 1.6 4P 4X2 TM,AUTOMOVIL,04-06-2020,2016,USO PARTICULAR,03-06-2025,
ABF8529,KIA,AMARILLO,2017,RIO R LX 1.4 4P 4X2 TM,AUTOMOVIL,24-01-2017,2017,USO PUBLICO,23-01-2022,
ABG5274,KIA,ROJO,2018,PICANTO LX AC 1.2 4P 4X2 TM,AUTOMOVIL,01-06-2018,2019,USO PARTICULAR,31-05-2023,
ABG5313,KIA,PLOMO,2018,SPORTAGE SL AC 2.0 5P 4X2 TM,SIN VALOR,12-06-2018,2019,USO PARTICULAR,11-06-2023,
ABG6265,CHEVROLET,VINO,2018,AVEO FAMILY STD 1.5 4P 4X2 TM,AUTOMOVIL,24-05-2018,2019,USO PARTICULAR,23-05-2023,
ABH2940,KIA,ROJO,2018,PICANTO EX AC 1.2 4P 4X2 TM,AUTOMOVIL,23-05-2018,2019,USO PARTICULAR,22-05-2023,
ABH3449,CITROEN,AMARILLO,2018,C-ELYSEE N1 AC 1.6 4P 4X2 TM DIESEL,AUTOMOVIL,02-08-2018,2019,USO PUBLICO,31-10-2023,
AC221M,AXXO,ANARANJADO,2017,TRACKER 250,MOTOCICLETA,28-07-2017,2017,USO PARTICULAR,27-07-2022,
AC717M,HERO,NEGRO,2018,DAWN - DRS 124.7,MOTOCICLETA,08-08-2018,2015,USO PARTICULAR,07-08-2023,
AE280B,SUZUKI,NEGRO,2020,GSX150,MOTOCICLETA,01-10-2020,2018,USO PARTICULAR,30-09-2025,
AE808B,RANGER,AZUL,2018,150AT-10,MOTOCICLETA,22-03-2018,2018,USO PARTICULAR,21-03-2023,
AE908B,YAMAHA,NEGRO,2018,XC115B,MOTOCICLETA,05-04-2018,2018,USO PARTICULAR,04-04-2023,
AGJ0086,HINO,AMARILLO,2017,GH1JGUD,CAMION,16-05-2017,2009,USO PUBLICO,15-05-2022,
BBI0787,HINO,BLANCO,2016,FM1JRUA,CAMION,31-03-2016,2009,USO PUBLICO, ,
CAA1183,KENWORTH,ANARANJADO,2018,T800 CLASSIC AC 14.9 2P 6X4 TM DIESEL,UNIDAD DE CARGA Y REMOLQUE,12-07-2018,2014,USO PUBLICO,11-07-2023,
CAA1387,HINO,BLANCO,2016,FM2PRSA AC 10.5 2P 6X4 TM DIESEL,CAMION,16-12-2016,2015,USO PUBLICO,15-12-2021,
CAA2065,FOTON,AMARILLO,2019,VIEW C BJ6536 AC 2.8 4P 4X2 TM DIESEL,CAMIONETA,23-10-2019,2015,USO PUBLICO,30-06-2024,
CAH0387,HYUNDAI,AMARILLO,2019,ACCENT 4P 1.4 AC,AUTOMOVIL,04-10-2019,2011,USO PUBLICO,02-10-2024,
CBA1762,CHEVROLET,BLANCO,2017,LUV D-MAX 2.4L CD TM 4X2 OPTIMA,CAMIONETA,28-04-2017,2011,USO PARTICULAR,27-04-2022,
CBA1821,CHEVROLET,BLANCO,2018,AVEO ACTIVO 1.6L 4P STD,AUTOMOVIL,09-02-2018,2011,USO PARTICULAR,08-02-2023,
CBA2096,CHEVROLET,PLATEADO,2018,GRAND VITARA SPORT 1.6L 3P AC TM 4X4,VEH. UTILITARIO,10-10-2018,2012,USO PARTICULAR,09-10-2023,
CBA2183,CHEVROLET,PLATEADO,2017,VITARA 1.6L 3P STD TM 4X4,VEH. UTILITARIO,19-04-2017,2012,USO PARTICULAR,18-04-2022,
CBA3162,MAZDA,PLATEADO,2019,BT-50 STD GAS FL 2.6 CD 4X2 TM,CAMIONETA,27-03-2019,2015,USO PARTICULAR,30-03-2024,
CBA3436,HYUNDAI,CAFE,2018,H1 12PAS AC 2.5 5P 4X2 TM DIESEL,CAMIONETA,27-12-2018,2016,USO PARTICULAR,26-12-2023,
CBA3613,CHEVROLET,PLATEADO,2017,D-MAX CRDI FULL AC 3.0 CD 4X4 TM DIESEL,CAMIONETA,23-08-2017,2018,USO PARTICULAR,22-08-2022,
CBA3724,CHEVROLET,ROJO,2018,SAIL LS AC 1.5 4P 4X2 TM,AUTOMOVIL,18-01-2018,2018,USO PARTICULAR,17-01-2023,
CBO0783,HYUNDAI,NEGRO,2017,TUCSON 5P 4X2 2.0 TM,VEH. UTILITARIO,28-06-2017,2009,USO PARTICULAR,27-06-2022,
CBO0878,CHEVROLET,ROJO,2018,AVEO ACTIVO 1.6L 4P STD,AUTOMOVIL,26-09-2018,2009,USO PARTICULAR,25-09-2023,
CBR0039,MAZDA,PLOMO,2009,BT-50 CD 4X2 STD GAS 2.2,CAMION,06-05-2009,2009,USO PARTICULAR, ,
CC0413,MERCEDES BENZ,NEGRO,2017,ML 63 AMG AC 5.5 5P 4X4 TA,VEH. UTILITARIO,25-07-2017,2012,CUERPO CONSULAR,24-07-2022,
CEA0252,MAZDA,BLANCO,2018,BT-50 CD 4X4 ACTION GAS 2.6,CAMIONETA,10-10-2018,2009,USO PARTICULAR,31-03-2023,
CEA0254,MAZDA,CREMA,2019,BT-50 CD 4X4 ACTION GAS 2.6,CAMIONETA,08-05-2019,2009,USO PARTICULAR,06-05-2024,
CEA0255,SUZUKI,PLATEADO,2017,GRAND VITARA SZ 2.0L 5P TM 4X2,VEH. UTILITARIO,07-03-2017,2009,USO ESTATAL,06-03-2022,
CEA0273,CHEVROLET,BLANCO,2019,NQR85L,CAMION,12-02-2019,2009,USO ESTATAL,31-12-2022,
CEA1072,CHEVROLET,BLANCO,2019,LUV D-MAX 3.0L DIESEL CD TM 4X4,CAMIONETA,08-03-2019,2009,USO ESTATAL,30-12-2019,
CEA1331,CHEVROLET,BLANCO,2016,D-MAX CRDI AC 3.0 CD 4X4 TM DIESEL,CAMIONETA,10-08-2016,2016,USO PARTICULAR,09-08-2021,
CEI1014,NISSAN,ROJO,2020,FRONTIER DX DOBLE CABINA AC 4X4 2.4 MT,CAMIONETA,02-07-2020,2009,USO PARTICULAR,01-07-2025,
CEI1017,CHEVROLET,PLATEADO,2016,LUV D-MAX 3.0L DIESEL CD TM 4X4 EXTREME,CAMIONETA,06-06-2016,2011,USO ESTATAL,29-12-2020,
CEI1064,CHEVROLET,PLATEADO,2019,D-MAX CRDI FULL AC 3.0 CD 4X4 TM DIESEL,CAMIONETA,14-05-2019,2015,USO ESTATAL,12-05-2024,
CMA1014,MAZDA,NEGRO,2017,BT-50 CD 4X4 ACTION GAS 2.6 FL,CAMIONETA,20-07-2017,2011,USO PARTICULAR,19-07-2022,
CMA1316,CHEVROLET,BLANCO,2018,NQR71L CAMION,CAMION,11-12-2018,2011,USO PARTICULAR, ,
CMA1317,MAZDA,AZUL,2020,BT-50 CD 4X4 STD CRD 2.5 FL,CAMIONETA,15-10-2020,2011,USO ESTATAL,28-08-2021,
EAI0660,VOLKSWAGEN,AZUL,2017,17210 OD,AUTOBUS,30-06-2017,2011,USO PUBLICO,29-06-2022,
EAI0725,VOLKSWAGEN,AZUL,2016,9.150 OD,AUTOBUS,11-10-2016,2012,USO PUBLICO,30-12-2021,
EAI0729,INTERNATIONAL,AMARILLO,2017,TRACTO CAMION 7600 SBA EXT TM 10.83 2P 6X4,UNIDAD DE CARGA Y REMOLQUE,14-02-2017,2013,USO PUBLICO,13-02-2022,
EAI0730,VOLKSWAGEN,VERDE,2017,17.210 OD,AUTOBUS,30-10-2017,2012,USO PUBLICO,29-10-2022,
EBA1768,CHEVROLET,AMARILLO,2018,AVEO ACTIVO 1.6L 4P AC,AUTOMOVIL,08-03-2018,2011,USO PUBLICO,30-09-2023,
GBM0271,CHEVROLET,AMARILLO,2019,CHEVYTAXI A/C,AUTOMOVIL,10-10-2019,2011,USO PUBLICO,29-02-2024,
GBM0539,CHEVROLET,AMARILLO,2014,CHEVYTAXI STD,AUTOMOVIL,19-06-2014,2010,USO PUBLICO,20-06-2021,
GBN0520,VOLKSWAGEN,BLANCO,2017,17.210 OD,AUTOBUS,22-02-2017,2010,USO PUBLICO,30-12-2022,
GBN1800,CHEVROLET,AMARILLO,2016,CHEVYTAXI A/C,AUTOMOVIL,28-12-2016,2011,USO PUBLICO,30-12-2021,
GBN3255,HINO,AMARILLO,2013,FM1JLUD TM 7.96 2P 6X4,VEHICULO ESPECIAL,13-06-2013,2013,USO PARTICULAR,21-05-2022,
GBN5882,CHEVROLET,BLANCO,2014,AVEO FAMILY 1.5L TM AC,AUTOMOVIL,16-10-2014,2012,USO PARTICULAR,31-03-2025,
GBO3685,MERCEDES BENZ,BLANCO,2018,OF 1721 6.0 4X2 TM DIESEL CN,AUTOBUS,03-05-2018,2018,USO PUBLICO,02-05-2023,
GRJ0375,CHEVROLET,BLANCO,2016,VITARA 1.6L 3P STD TM 4X4,VEH. UTILITARIO,09-03-2016,2009,USO PARTICULAR,30-06-2020,
GRP0958,CITROEN,BLANCO,2014,BERLINGO FURGON 600KG 1.9D,VEH. UTILITARIO,05-02-2014,2009,USO PARTICULAR,30-09-2018,
GRR0058,HYUNDAI,NEGRO,2016,TUCSON 5P 4X2 2.0 TM,VEH. UTILITARIO,08-11-2016,2010,USO PARTICULAR,19-09-2022,
GRU0714,MAZDA,PLOMO,2014,BT-50 CD 4X2 STD CRD 2.5 FL,CAMIONETA,16-04-2014,2010,USO PARTICULAR,31-12-2018,
GRW2534,RENAULT,ROJO,2013,SANDERO 1.6 MT DYNAMIQUE,AUTOMOVIL,15-08-2013,2010,USO PARTICULAR,31-12-2019,
GRX2142,CHEVROLET,BLANCO,2014,LUV D-MAX 2.5L DIESEL CS TM 4X2,CAMIONETA,10-03-2014,2010,USO PARTICULAR,17-09-2025,
GRY1847,CHEVROLET,NEGRO,2014,CAPTIVA SPORT 3.6L,VEH. UTILITARIO,08-08-2014,2010,USO PARTICULAR,31-08-2024,
GRY2395,CHEVROLET,DORADO,2016,AVEO EMOTION ADVANCE 1.6L GLS,AUTOMOVIL,17-11-2016,2011,USO PARTICULAR,01-09-2024,
GRZ5572,KIA,BLANCO,2019,SPORTAGE R 2.0L 4X2 GSL MT,VEH. UTILITARIO,05-12-2019,2011,USO PARTICULAR,31-03-2024,
GSA4517,FORD,ROJO,2012,F150 FX4 CREW CAB 4X4,CAMIONETA,29-12-2012,2010,USO PARTICULAR,22-08-2022,
GSA6973,RENAULT,PLATEADO,2011,LOGAN 1.4 MT AC,AUTOMOVIL,30-05-2011,2011,USO PARTICULAR,31-03-2024,
GSA9738,VOLKSWAGEN,PLOMO,2015,GOL HATCHBACK POWER 5U11F4 AC,AUTOMOVIL,18-12-2015,2011,USO PARTICULAR,20-01-2021,
GSB5129,SUZUKI,DORADO,2019,GRAND VITARA SZ 2.4L 5P TA 4X4,VEH. UTILITARIO,23-12-2019,2011,USO PARTICULAR,31-10-2019,
GSB5316,NISSAN,PLATEADO,2014,NAVARA DOBLE CABINA 4X2 2.5 SE MT DIESEL,CAMIONETA,02-10-2014,2011,USO PARTICULAR,21-06-2025,
GSC4166,NISSAN,PLATEADO,2015,SENTRA 2.0 SPORT 6MT SER,AUTOMOVIL,17-12-2015,2012,USO PARTICULAR,25-10-2025,
GSD2919,FORD,PLOMO,2020,F150 REGULAR CAB 4X2,CAMIONETA,28-10-2020,2011,USO PARTICULAR,31-10-2025,
GSF8896,SUZUKI,VINO,2015,GRAND VITARA SZ FL TM 2.0 5P 4X2,VEH. UTILITARIO,21-07-2015,2013,USO PARTICULAR,25-07-2023,
GSG3418,CHEVROLET,NEGRO,2012,AVEO FAMILY AC TM 1.5 4P 4X2,AUTOMOVIL,12-11-2012,2013,USO PARTICULAR,23-09-2024,
GSI3530,SINOTRUK,BLANCO,2017,ZZ3257N3247B AC 9.7 2P 6X4 TM DIESEL,VEHICULO ESPECIAL,22-09-2017,2013,USO PARTICULAR,21-09-2022,
GSK2167,CHEVROLET,NEGRO,2016,SAIL AC 1.4 4P 4X2 TM,AUTOMOVIL,04-08-2016,2014,USO PARTICULAR,30-08-2022,
GSK3100,CHEVROLET,PLATEADO,2018,SAIL FULL AC 1.4 4P 4X2 TM,AUTOMOVIL,07-06-2018,2014,USO PARTICULAR,30-11-2023,
GSL5587,CHEVROLET,BLANCO,2014,D-MAX TD 2.5 CS 4X2 TM DIESEL,CAMIONETA,23-10-2014,2014,USO PARTICULAR,22-10-2019,
GSM2088,MAZDA,BLANCO,2014,BT-50 VERSION ESPECIAL 2.2 CD 4X2 TM,CAMIONETA,30-07-2014,2014,USO PARTICULAR,29-07-2019,
GSM4873,MAZDA,BLANCO,2018,BT-50 ACTION FL AC 2.6 CD 4X2 TM,CAMIONETA,02-05-2018,2014,USO PUBLICO,23-10-2019,
GSN4475,CHEVROLET,DORADO,2019,SAIL AC 1.4 4P 4X2 TM,AUTOMOVIL,15-05-2019,2015,USO PARTICULAR,30-06-2024,
GSN8944,CHEVROLET,DORADO,2015,SAIL AC 1.4 4P 4X2 TM,AUTOMOVIL,30-01-2015,2015,USO PARTICULAR,15-10-2022,
GSN9686,DONGFENG,AZUL,2016,DUOLIKA T83-028 AC 4.3 2P 4X2 TM DIESEL CN,CAMION,24-02-2016,2015,USO PARTICULAR,22-02-2021,
GSO1137,RENAULT,PLOMO,2018,DUSTER DYNAMIQUE AC 2.0 5P 4X2 TM,VEH. UTILITARIO,08-12-2018,2015,USO PARTICULAR,31-08-2024,
GSO8038,CHEVROLET,PLATEADO,2015,AVEO EMOTION GLS AC 1.6 4P 4X2 TM,AUTOMOVIL,05-05-2015,2015,USO PARTICULAR,03-05-2020,
GSP3255,JAC,BLANCO,2015,HFC4253K3R1 AC 11.6 2P 6X4 TM DIESEL,CAMION,05-08-2015,2015,USO PARTICULAR, ,
GSP8944,CHEVROLET,AMARILLO,2015,AVEO FAMILY STD 1.5 4P 4X2 TM,AUTOMOVIL,30-09-2015,2016,USO PARTICULAR, ,
GSR6229,NISSAN,VINO,2016,VERSA AC 1.6 4P 4X2 TM,AUTOMOVIL,01-09-2016,2017,USO PARTICULAR,31-08-2021,
GSR7659,KIA,ROJO,2017,RIO R EX 1.4 5P 4X2 TM,AUTOMOVIL,24-01-2017,2017,USO PARTICULAR,23-01-2022,
GSS2107,KIA,PLOMO,2016,CERATO LX ABS AC 1.6 4P 4X2 TM,AUTOMOVIL,01-11-2016,2017,USO PARTICULAR,31-10-2021,
GSS3154,TOYOTA,PLATEADO,2016,NEW HILUX 2.7 CD 4X2 TM,CAMIONETA,17-11-2016,2017,USO PARTICULAR,21-03-2023,
GST8409,CHEVROLET,PLATEADO,2017,AVEO EMOTION GLS AC 1.6 4P 4X2 TM,AUTOMOVIL,03-05-2017,2017,USO PARTICULAR,02-05-2022,
GSU3393,CHERY,BLANCO,2018,PRACTIVAN Q22L AC 1.2 5P 4X2 TM,CAMIONETA,19-04-2018,2018,USO PARTICULAR,18-04-2023,
GSU8009,KIA,ROJO,2017,SPORTAGE SL AC 2.0 5P 4X2 TM,VEH. UTILITARIO,24-08-2017,2018,USO PARTICULAR,23-08-2022,
GSV9181,CHEVROLET,ROJO,2018,AVEO FAMILY STD 1.5 4P 4X2 TM,AUTOMOVIL,05-02-2018,2018,USO PARTICULAR,04-02-2023,
GSW1555,KIA,ROJO,2018,RIO LX AC 1.4 4P 4X2 TM,AUTOMOVIL,26-06-2018,2019,USO PARTICULAR,25-06-2023,
GSX1674,CHEVROLET,ROJO,2018,D-MAX CRDI 3.0 CD 4X2 TM DIESEL,CAMIONETA,31-01-2018,2018,USO PARTICULAR,27-07-2024,
GSX8084,CHEVROLET,NEGRO,2018,AVEO FAMILY STD 1.5 4P 4X2 TM,AUTOMOVIL,29-03-2018,2018,USO PARTICULAR,28-03-2023,
GSX9347,KIA,AZUL,2018,RIO EX AC 1.4 4P 4X2 TM,AUTOMOVIL,16-04-2018,2019,USO PARTICULAR,15-04-2023,
GSY2657,HINO,BLANCO,2019,XZU710L-HKFQL3 AC 4.0 2P 4X2 TM DIESEL,CAMION,15-02-2019,2018,USO PUBLICO,31-08-2024,
GSY2964,JAC,NEGRO,2018,HFC1037DEV INTER AC 2.0 4P 4X2 TM,CAMIONETA,22-05-2018,2019,USO PARTICULAR,21-05-2023,
GSZ1641,CHANGAN,BLANCO,2018,CS35 LUXURY AC 1.6 5P 4X2 TA,VEH. UTILITARIO,11-05-2018,2019,USO PARTICULAR,10-05-2023,
GSZ2084,KIA,ROJO,2018,RIO EX AC 1.4 4P 4X2 TM,AUTOMOVIL,07-05-2018,2019,USO PARTICULAR,06-05-2023,
GSZ2508,CHEVROLET,AZUL,2018,SPARK GT AC 1.2 5P 4X2 TM,AUTOMOVIL,14-05-2018,2019,USO PARTICULAR,13-05-2023,
GSZ2766,SUZUKI,AZUL,2018,SCROSS AC 1.6 5P 4X2 TM,AUTOMOVIL,24-05-2018,2019,USO PARTICULAR,23-05-2023,
GSZ3003,CHEVROLET,VINO,2018,SAIL LS AC 1.5 4P 4X2 TM,AUTOMOVIL,07-06-2018,2018,USO PARTICULAR,06-06-2023,
GSZ4493,SUZUKI,AZUL,2018,SCROSS AC 1.6 5P 4X2 TM,VEH. UTILITARIO,06-06-2018,2019,USO PARTICULAR,05-06-2023,
GSZ5113,TOYOTA,PLATEADO,2018,YARIS HB AC 1.5 5P 4X2 TM,AUTOMOVIL,11-06-2018,2019,USO PARTICULAR,01-02-2025,
GSZ6210,CHEVROLET,NEGRO,2018,SPARK GT AC 1.2 5P 4X2 TM,AUTOMOVIL,22-06-2018,2019,USO PARTICULAR,21-06-2023,
GSZ6405,CHEVROLET,NEGRO,2018,SAIL LS AC 1.5 4P 4X2 TM,AUTOMOVIL,15-06-2018,2019,USO PARTICULAR,14-06-2023,
GSZ6449,KIA,ROJO,2018,PICANTO LX AC 1.2 4P 4X2 TM,AUTOMOVIL,18-06-2018,2019,USO PARTICULAR,17-06-2023,
GSZ6648,NISSAN,NEGRO,2018,X-TRAIL SENSE 2 ROW AC 2.5 5P 4X2 TA,VEH. UTILITARIO,19-06-2018,2019,USO PARTICULAR,18-06-2023,
GSZ7452,KIA,NEGRO,2018,SPORTAGE SL AC 2.0 5P 4X2 TM,VEH. UTILITARIO,22-06-2018,2019,USO PARTICULAR,21-06-2023,
GSZ7794,HYUNDAI,BLANCO,2018,CRETA GS AC 1.6 5P 4X2 TM,VEH. UTILITARIO,29-06-2018,2019,USO PARTICULAR,28-06-2023,
HAA2166,CHEVROLET,BLANCO,2020,FRR 90L CAMION 5.2 2P 4X2 TM DIESEL,CAMION,17-07-2020,2014,USO PUBLICO,31-07-2025,
HAA2793,NISSAN,AMARILLO,2017,TIIDA AC 1.6 4P 4X2 TM,AUTOMOVIL,04-04-2017,2016,USO PUBLICO,03-04-2022,
HBA2031,CHEVROLET,AMARILLO,2012,AVEO ACTIVO 1.6L 4P STD,AUTOMOVIL,11-07-2012,2009,USO PUBLICO, ,
HBA4659,CHEVROLET,BLANCO,2013,FVR 23G 9.8 2P 4X2 TM DIESEL,SIN VALOR,23-01-2013,2009,USO PUBLICO, ,
HBA6644,KIA,PLATEADO,2017,SPORTAGE R 2.0L 4X2 GSL MT,VEH. UTILITARIO,19-05-2017,2011,USO PARTICULAR,24-08-2025,
HBA8413,MAZDA,PLATEADO,2019,BT-50 CD 4X2 STD GAS 2.2 FL,CAMIONETA,26-04-2019,2012,USO PARTICULAR,30-04-2024,
HBA9116,VOLKSWAGEN,PLATEADO,2018,JETTA EUROPA 2.0 9M23J4,AUTOMOVIL,04-05-2018,2011,USO PARTICULAR,03-05-2023,
HBB5634,TOYOTA,ROJO,2016,AA FJCRUISER TA 4.0 5P 4X4,VEH. UTILITARIO,26-06-2016,2013,USO PARTICULAR,25-06-2021,
HBB6394,NISSAN,CREMA,2018,TIIDA ENTRY TM 1.6 5P 4X2 AC,AUTOMOVIL,24-05-2018,2013,USO PARTICULAR,23-05-2023,
HBB7930,CHEVROLET,ROJO,2019,D-MAX CRDI 3.0 CD 4X2 TM DIESEL,CAMIONETA,18-11-2019,2014,USO PARTICULAR,16-11-2024,
HBB8883,CHEVROLET,BLANCO,2016,D-MAX CRDI 3.0 CD 4X2 TM DIESEL,CAMIONETA,09-08-2016,2014,USO PARTICULAR, ,
HBB9063,MAZDA,BLANCO,2017,BT-50 STD CRD FL AC 2.5 CD 4X4 TM DIESEL,CAMIONETA,13-06-2017,2014,USO PARTICULAR,12-06-2022,
HBB9288,CHEVROLET,PLOMO,2018,D-MAX DOHC AC 2.4 CD 4X2 TM,CAMIONETA,08-03-2018,2015,USO PARTICULAR,07-03-2023,
HBC2792,TOYOTA,NEGRO,2018,HILUX 2.7 CD 4X2 TM,CAMIONETA,28-03-2018,2016,USO PARTICULAR,27-03-2023,
HBC2882,RENAULT,ROJO,2019,LOGAN EXPRESSION 8V AC 1.6 4P 4X2 TM,AUTOMOVIL,25-03-2019,2016,USO PARTICULAR,23-03-2024,
HBC3224,KIA,PLATEADO,2017, SPORTAGE LX DAB AC 2.0 4P 4X2 TM,VEH. UTILITARIO,13-08-2017,2016,USO PARTICULAR,12-08-2022,
HBC3351,CHEVROLET,PLATEADO,2020,AVEO FAMILY STD 1.5 4P 4X2 TM,AUTOMOVIL,30-01-2020,2016,USO PARTICULAR,28-02-2025,
HBC3473,KIA,ROJO,2016,SPORTAGE AC 2.0 5P 4X2 TM,VEH. UTILITARIO,30-06-2016,2016,USO PARTICULAR, ,
HBC3524,GREAT WALL,VINO,2019,M4 CONFORT AC 1.5 5P 4X2 TM,VEH. UTILITARIO,04-06-2019,2017,USO PARTICULAR,02-06-2024,
HBC3712,CHEVROLET,BLANCO,2016,AVEO FAMILY STD 1.5 4P 4X2 TM,AUTOMOVIL,03-10-2016,2017,USO PARTICULAR,02-10-2021,
HBC4370,KIA,AMARILLO,2018,RIO R LX 1.4 4P 4X2 TM,AUTOMOVIL,26-10-2018,2017,USO PUBLICO,30-11-2023,
HBC4514,RENAULT,PLATEADO,2018,LOGAN EXPRESSION AC 1.6 4P 4X2 TM,AUTOMOVIL,07-02-2018,2018,USO PARTICULAR,06-02-2023,
HBC4585,SUZUKI,BLANCO,2017,GRAND VITARA SZ NEXT SPORT AC 2.4 5P 4X2 TA,SIN VALOR,09-05-2017,2017,USO PARTICULAR,08-05-2022,
HBC4713,KIA,ROJO,2017,RIO R LX 1.4 4P 4X2 TM,AUTOMOVIL,07-06-2017,2017,USO PARTICULAR,06-06-2022,
HBC4725,KIA,PLATEADO,2017,SPORTAGE SL AC 2.0 5P 4X2 TM,SIN VALOR,09-06-2017,2018,USO PARTICULAR,08-06-2022,
HBC4768,TOYOTA,ROJO,2017,HILUX 2.7 CD 4X2 TM,CAMIONETA,16-06-2017,2018,USO PARTICULAR,15-06-2022,
HBC4804,NISSAN,PLOMO,2017,KICKS DRIVE AC 1.6 5P 4X2 TM,SIN VALOR,23-06-2017,2018,USO PARTICULAR,22-06-2022,
HBC5157,KIA,BLANCO,2017,PICANTO LX AC 1.2 4P 4X2 TM,AUTOMOVIL,10-08-2017,2018,USO PARTICULAR,09-08-2022,
HBC5162,CHEVROLET,ROJO,2020,AVEO FAMILY STD 1.5 4P 4X2 TM,AUTOMOVIL,05-03-2020,2018,USO PARTICULAR,04-03-2025,
HBC6446,NISSAN,CAFE,2018,VERSA AC 1.6 4P 4X2 TM,AUTOMOVIL,08-02-2018,2018,USO PARTICULAR,07-02-2023,
HBC6668,NISSAN,PLATEADO,2018,QASHQAI SENSE AC 2.0 5P 4X2 TM,SIN VALOR,06-03-2018,2018,USO PARTICULAR,05-03-2023,
HBC7245,CHEVROLET,VINO,2018,AVEO FAMILY STD 1.5 4P 4X2 TM,AUTOMOVIL,10-05-2018,2019,USO PARTICULAR,06-08-2025,
HBC7251,HYUNDAI,BLANCO,2018,ACCENT 1.6 4P 4X2 TM,AUTOMOVIL,10-05-2018,2018,USO PARTICULAR,09-05-2023,
HBC7253,RENAULT,PLOMO,2018,SANDERO STEPWAY AC 1.6 4P 4X2 TM,AUTOMOVIL,10-05-2018,2019,USO PARTICULAR,09-05-2023,
HBC7388,HINO,BLANCO,2019,XZU640L-HKMLJ3 AC 4.0 2P 4X2 TM DIESEL CN,CAMION,26-07-2019,2019,USO PARTICULAR,24-07-2024,
HBC7482,HYUNDAI,PLOMO,2018,ACCENT 1.6 4P 4X2 TM,AUTOMOVIL,08-06-2018,2018,USO PARTICULAR,07-06-2023,
HBC7528,NISSAN,ROJO,2018,QASHQAI ADVANCE AC 2.0 5P 4X2 TA,SIN VALOR,14-06-2018,2019,USO PARTICULAR,13-06-2023,
HBC7566,RENAULT,BLANCO,2018,SANDERO STEPWAY AC 1.6 4P 4X2 TM,AUTOMOVIL,18-06-2018,2019,USO PARTICULAR,17-06-2023,
HC799U,SUKIDA,ROJO,2017,SK200GY-A SKR200,MOTOCICLETA,25-10-2017,2011,USO PARTICULAR,24-10-2022,
HCN0068,CHEVROLET,ROJO,2017,NHR 2.7 2P 4X2 TM DIESEL,CAMION,22-09-2017,2009,USO PARTICULAR,21-09-2022,
HD105F,TUNDRA,ROJO,2016,TD150,MOTOCICLETA,28-06-2016,2010,USO PARTICULAR,29-12-2020,
HE042C,SUZUKI,AZUL,2017,EN 125,MOTOCICLETA,28-12-2017,2010,USO PARTICULAR,27-12-2022,
HE649C,BAJAJ,ROJO,2020,PULSAR 135,MOTOCICLETA,05-10-2020,2012,USO PARTICULAR,04-10-2025,
HE514E,BMA,NEGRO,2014,SK 200,MOTOCICLETA,20-05-2014,2009,USO PARTICULAR, ,
HE608B,LONCIN,ROJO,2016,LX200GY,MOTOCICLETA,21-11-2016,2011,USO PARTICULAR,20-11-2021,
HE721D,BAJAJ,ROJO,2018,PULSAR 135 LS,MOTOCICLETA,18-09-2018,2013,USO PARTICULAR,17-09-2023,
HE770N,LONCIN,ROJO,2017,LX150ST-3,MOTOCICLETA,06-03-2017,2011,USO PARTICULAR,05-03-2022,
HE811F,BAJAJ,ROJO,2020,PULSAR 135 LS,MOTOCICLETA,03-09-2020,2013,USO PARTICULAR,02-09-2025,
HE815F,BAJAJ,VERDE,2014,PULSAR 135 LS,MOTOCICLETA,03-09-2014,2013,USO PARTICULAR,25-10-2025,
HE912E,LONCIN,NEGRO,2018,LX150-27,MOTOCICLETA,30-07-2018,2011,USO PARTICULAR,29-07-2023,
HH682D,FORMOSA,NEGRO,2017,FM110-4I,MOTOCICLETA,31-05-2017,2010,USO PARTICULAR,30-05-2022,
HI624H,TRAXX,ROJO,2015,TX150-5B,MOTOCICLETA,20-03-2015,2010,USO PARTICULAR,29-12-2020,
HK941J,SKYGO,AZUL,2017,ST-150T-8,MOTOCICLETA,20-06-2017,2012,USO PARTICULAR,19-06-2022,
HL055F,MOTOR UNO,NEGRO,2017,TRAIL 200,MOTOCICLETA,18-07-2017,2013,USO PARTICULAR,17-07-2022,
HM713Y,SUKIDA,PLATEADO,2018,GNE 125,MOTOCICLETA,29-05-2018,2010,USO PARTICULAR,30-04-2023,
HM887Y,UM,ROJO,2012,XTREET 180,MOTOCICLETA,24-09-2012,2012,USO PARTICULAR,05-12-2019,
HN340F,DAYTONA,NEGRO,2015,DY150-4,MOTOCICLETA,30-11-2015,2011,USO PARTICULAR,31-12-2015,
HN406X,MOTOR UNO,ROJO,2018,ROCKET 125,MOTOCICLETA,02-10-2018,2013,USO PARTICULAR,01-10-2023,
HN593E,BAJAJ,NEGRO,2018,PULSAR 220 F,MOTOCICLETA,07-05-2018,2012,USO PARTICULAR,06-05-2023,
HN751L,SHINERAY,ROJO,2018,XY200GY-5,MOTOCICLETA,05-03-2018,2013,USO PARTICULAR,04-03-2023,
HN892I,THUNDER,ROJO,2017,TRX200,MOTOCICLETA,14-03-2017,2011,USO PARTICULAR,13-03-2022,
HO192I,LONCIN,VERDE,2019,JL200-II,MOTOCICLETA,18-03-2019,2012,USO PARTICULAR,30-03-2024,
HO332M,MOTOR UNO,NEGRO,2019,NAZCA 200,MOTOCICLETA,28-03-2019,2013,USO PARTICULAR,26-03-2024,
HO631M,BAJAJ,AZUL,2019,PULSAR 135 LS,MOTOCICLETA,15-02-2019,2013,USO PARTICULAR,29-02-2024,
HR487N,RANGER,NEGRO,2017,200-4,MOTOCICLETA,25-08-2017,2010,USO PARTICULAR,24-08-2022,
HU366A,LONCIN,AZUL,2019,LX150-70C,MOTOCICLETA,21-08-2019,2014,USO PARTICULAR,30-08-2024,
HU425A,TUKO,NEGRO,2016,TK150 H,MOTOCICLETA,13-09-2016,2014,USO PARTICULAR,12-09-2021,
HU598A,BAJAJ,ROJO,2019,PULSAR 200 NS,MOTOCICLETA,28-10-2019,2014,USO PARTICULAR,30-09-2024,
HU637A,TUKO,ROJO,2017,TK 200 PRUSS,MOTOCICLETA,06-12-2017,2014,USO PARTICULAR,05-12-2022,
HU698A,BAJAJ,AMARILLO,2018,EXPLORER XLT 4X4,MOTOCICLETA,14-06-2018,2014,USO PARTICULAR,30-09-2023,
HX959P,DAYTONA,NEGRO,2018,DY250-BULL,MOTOCICLETA,22-01-2018,2014,USO PARTICULAR,21-01-2023,
HY458Q,SUKIDA,NEGRO,2018,NOMADA200,MOTOCICLETA,24-09-2018,2014,USO PARTICULAR,30-09-2023,
HZ522U,MOTOR UNO,NEGRO,2017,BRIO-125,MOTOCICLETA,28-04-2017,2014,USO PARTICULAR,27-04-2022,
HZ859Z,MOTOR UNO,ROJO,2017,M1R250,MOTOCICLETA,04-10-2017,2015,USO PARTICULAR,03-10-2022,
IAA1273,HINO,BLANCO,2018,GD8JLSA,AUTOBUS,20-04-2018,2012,USO PUBLICO,19-04-2023,
IAA1936,HINO,BLANCO,2019,FM2PRSA AC 10.5 2P 6X4 TM DIESEL,CAMION,12-07-2019,2015,USO PUBLICO,31-07-2024,
IAA2256,HINO,BLANCO,2017,AK8JRSA 7.7 4X2 TM DIESEL CN,AUTOBUS,12-09-2017,2018,USO PUBLICO,11-09-2022,
IAI0716,HINO,BLANCO,2015,FM1JRUA,CAMION,25-03-2015,2010,USO PUBLICO,27-08-2024,
IAK0730,CHEVROLET,BLANCO,2018,NKR II CHASIS CABINADO,CAMION,10-10-2018,2009,USO PUBLICO,30-11-2023,
IAK0875,HINO,BLANCO,2019,FC4JJUA,CAMION,21-08-2019,2010,USO PUBLICO,19-08-2024,
IAK0887,CHEVROLET,BLANCO,2016,AVEO FAMILY 1.5L TM STD,AUTOMOVIL,17-06-2016,2010,USO PARTICULAR, ,
IB019G,MOTOR UNO,AZUL,2016,ROCKET 125,MOTOCICLETA,26-10-2016,2013,USO PARTICULAR,25-10-2021,
HE762E,LONCIN,ROJO,2020,LX150-27,MOTOCICLETA,12-03-2020,2011,USO PARTICULAR,31-12-2025,
HE932F,RANGER,ROJO,2017,200-5,MOTOCICLETA,05-04-2017,2010,USO PARTICULAR,04-04-2022,
HE967F,BAJAJ,NEGRO,2020,PULSAR 200 NS,MOTOCICLETA,13-08-2020,2014,USO PARTICULAR,31-12-2025,
HH638C,YAMAHA,ROJO,2016,DT175D,MOTOCICLETA,08-09-2016,2010,USO PARTICULAR,07-09-2021,
HI743K,QMC,ROJO,2020,PANTANERA QMC200GY,MOTOCICLETA,30-07-2020,2011,USO PARTICULAR,29-12-2020,
HK867L,MOTOR UNO,ROJO,2015,LK150T-7 JOY-150,MOTOCICLETA,17-07-2015,2010,USO PARTICULAR, ,
HM476H,LONCIN,BLANCO,2019,LX250-11,MOTOCICLETA,08-10-2019,2015,USO PARTICULAR,06-10-2024,
HN482S,MOTOR UNO,BLANCO,2017,M1R250,MOTOCICLETA,06-02-2017,2013,USO PARTICULAR,05-02-2022,
HO375Q,MOTOR UNO,ROJO,2017,TRAIL 200,MOTOCICLETA,22-06-2017,2012,USO PARTICULAR,21-06-2022,
HO600L,SUZUKI,AZUL,2016,GN125,MOTOCICLETA,28-11-2016,2012,USO PARTICULAR,27-11-2021,
HO682T,RANGER,VERDE,2016,200GY,MOTOCICLETA,23-03-2016,2010,USO PARTICULAR,29-12-2020,
HP471J,DAYTONA,NEGRO,2016,DY250GY-3,MOTOCICLETA,08-07-2016,2011,USO PARTICULAR,30-12-2021,
HP568D,LIFAN,ROJO,2016,LF200-16C,MOTOCICLETA,09-12-2016,2012,USO PARTICULAR,08-12-2021,
HP598P,TUNDRA,AZUL,2017,TD250GY-4F,MOTOCICLETA,28-06-2017,2013,USO PARTICULAR,22-07-2023,
HP652Y,SUKIDA,VERDE,2019,SKR 200S,MOTOCICLETA,15-03-2019,2012,USO PARTICULAR,31-03-2024,
HQ242C,HONDA,ROJO,2020,CRF 230F,MOTOCICLETA,27-02-2020,2011,USO PARTICULAR,25-02-2025,
HR947N,MOTOR UNO,ROJO,2017,SK200 FX200,MOTOCICLETA,24-08-2017,2013,USO PARTICULAR,23-08-2022,
HT530V,MOTOR UNO,VERDE,2018,ROCKET 250,MOTOCICLETA,08-06-2018,2013,USO PARTICULAR,07-06-2023,
HU084L,DAYTONA,ROJO,2018,DY200GY-3,MOTOCICLETA,26-07-2018,2012,USO PARTICULAR,25-07-2023,
HU401A,MOTOR UNO,VERDE,2018,M1R200,MOTOCICLETA,05-02-2018,2012,USO PARTICULAR,04-02-2023,
HU577A,MOTOR UNO,NEGRO,2014,M1R250,MOTOCICLETA,12-11-2014,2014,USO PARTICULAR, ,
HU664A,RANGER,ROJO,2018,200GY-8,MOTOCICLETA,04-06-2018,2015,USO PARTICULAR,31-05-2023,
HU675A,BAJAJ,NEGRO,2017,PULSAR 135 LS,MOTOCICLETA,05-06-2017,2014,USO PARTICULAR,04-06-2022,
HU777A,RANGER,ROJO,2018,200-6,MOTOCICLETA,29-10-2018,2014,USO PARTICULAR,28-10-2023,
HV633I,MOTOR UNO,BLANCO,2018,ROCKET 125,MOTOCICLETA,06-04-2018,2013,USO PARTICULAR,05-04-2023,
HY599Z,MOTOR UNO,BLANCO,2017,ROCKET 125,MOTOCICLETA,17-05-2017,2014,USO PARTICULAR,16-05-2022,
HZ272J,KTM,BLANCO,2014,390 DUKE ABS,MOTOCICLETA,12-05-2014,2014,USO PARTICULAR,30-07-2022,
IA105J,SUZUKI,AZUL,2016,GS125,MOTOCICLETA,15-03-2016,2015,USO PARTICULAR,14-03-2021,
IBA1578,CHEVROLET,PLOMO,2019,AVEO ACTIVO 1.6L 4P STD,AUTOMOVIL,16-09-2019,2010,USO PARTICULAR,30-09-2024,
IBA3799,HINO,BLANCO,2016,GH8JMSA,CAMION,13-06-2016,2011,USO PUBLICO,31-10-2020,
IBA4132,CHEVROLET,VINO,2016,AVEO EMOTION 1.6L GLS,AUTOMOVIL,14-10-2016,2010,USO PARTICULAR,13-10-2021,
IBA4158,KIA,PLATEADO,2019,RIO 1.4L LX 4P,AUTOMOVIL,17-09-2019,2011,USO PARTICULAR,30-09-2024,
HE464D,BAJAJ,AZUL,2017,PULSAR 135 LS,MOTOCICLETA,07-07-2017,2013,USO PARTICULAR,06-07-2022,
HE516D,BAJAJ,NEGRO,2017,PULSAR 135 LS,MOTOCICLETA,09-05-2017,2013,USO PARTICULAR,08-05-2022,
HE574B,PEGASO,NEGRO,2017,PG200-8A,MOTOCICLETA,17-08-2017,2009,USO PARTICULAR,16-08-2022,
HE680Q,MOTOR UNO,ROJO,2017,ROCKET 250,MOTOCICLETA,19-06-2017,2010,USO PARTICULAR,18-06-2022,
HE705E,MOTOR UNO,VERDE,2017,XY250GY-ENDURO 250 PC,MOTOCICLETA,23-08-2017,2010,USO PARTICULAR,22-08-2022,
HE755C,LONCIN,AZUL,2017,LX150-27,MOTOCICLETA,20-07-2017,2011,USO PARTICULAR,19-07-2022,
HE870E,GALARDI,NEGRO,2016,GL250GT,MOTOCICLETA,13-10-2016,2010,USO PARTICULAR,12-10-2021,
HH043G,SUZUKI,NEGRO,2017,GN125,MOTOCICLETA,09-11-2017,2012,USO PARTICULAR,08-11-2022,
HJ022K,YAMAHA,ROJO,2020,FZ16,MOTOCICLETA,16-06-2020,2012,USO PARTICULAR,08-02-2023,
HM452H,TUKO,NEGRO,2016,TK 200 PRUSS,MOTOCICLETA,08-11-2016,2016,USO PARTICULAR,07-11-2021,
HN660X,YAMAHA,BLANCO,2018,XTZ125E,MOTOCICLETA,11-12-2018,2013,USO PARTICULAR,10-12-2023,
HN755A,LONCIN,AZUL,2016,LX150-70C,MOTOCICLETA,06-10-2016,2012,USO PARTICULAR,05-10-2021,
HN890I,BAJAJ,ROJO,2017,PULSAR 135 LS,MOTOCICLETA,27-12-2017,2013,USO PARTICULAR,26-12-2022,
HOM0837,HYUNDAI,CELESTE,2019,ACCENT 4P 1.4,AUTOMOVIL,20-08-2019,2009,USO PARTICULAR,18-08-2024,
HP571P,ORION,ANARANJADO,2017,WJ150-9II,MOTOCICLETA,13-06-2017,2013,USO PARTICULAR,14-08-2017,
HR472W,RANGER,ROJO,2017,200GY-8,MOTOCICLETA,17-05-2017,2013,USO PARTICULAR,16-05-2022,
HR946X,SUZUKI,PLATEADO,2019,AX100,MOTOCICLETA,05-08-2019,2012,USO PARTICULAR,31-07-2024,
HU314A,LONCIN,VERDE,2017,JL200-II,MOTOCICLETA,17-05-2017,2013,USO PARTICULAR,16-05-2022,
HU842E,RANGER,VINO,2013,XY150-10,MOTOCICLETA,21-02-2013,2011,USO PARTICULAR, ,
HV993K,YAMAHA,ROJO,2013,FZ 16,MOTOCICLETA,09-08-2013,2013,USO PARTICULAR, ,
HW798Y,KEEWAY,NEGRO,2013,TX200,MOTOCICLETA,22-11-2013,2012,USO PARTICULAR, ,
HY847Z,MOTOR UNO,ROJO,2019,ROCKET 250,MOTOCICLETA,19-08-2019,2014,USO PARTICULAR,31-08-2024,
HY991Z,RANGER,PLATEADO,2014,300STE,MOTOCICLETA,11-08-2014,2012,USO PARTICULAR, ,
IB644M,MOTOR UNO,ROJO,2016,SK200 FX200,MOTOCICLETA,17-10-2016,2015,USO PARTICULAR,16-10-2021,
IBA1340,TOYOTA,BLANCO,2018,AA PRIUS HIBRIDO,AUTOMOVIL,26-11-2018,2010,USO PARTICULAR,25-11-2023,
IBA2458,CHEVROLET,BLANCO,2017,NPR 71L AC 4.6 2P 4X2 TM DIESEL,CAMION,15-02-2017,2010,USO PUBLICO,14-02-2022,
IBA2816,SUZUKI,ROJO,2017,GRAND VITARA SZ 2.0L 5P TM 4X2,VEH. UTILITARIO,11-07-2017,2010,USO PARTICULAR,10-07-2022,
IBA3008,CHEVROLET,PLOMO,2019,LUV D-MAX 3.0L DIESEL CD TM 4X4,CAMIONETA,30-09-2019,2010,USO PARTICULAR,28-09-2024,
IBA3937,CHEVROLET,BLANCO,2017,LUV D-MAX 2.4L CD TM 4X2 OPTIMA,CAMIONETA,11-10-2017,2011,USO PUBLICO,10-10-2022,
IBA4430,KIA,PLATEADO,2017,PICANTO FL LX 1.1L,AUTOMOVIL,08-12-2017,2010,USO PARTICULAR,07-12-2022,
IBA4538,TOYOTA,PLOMO,2010,CET HILUX 4X2 CD NO AA DIESEL,CAMIONETA,05-07-2010,2010,USO PARTICULAR, ,
IBA4980,HYUNDAI,AZUL,2018,TUCSON IX GL 5P 4X2 2.0 TM STD,VEH. UTILITARIO,20-07-2018,2011,USO PARTICULAR,19-07-2023,
IBA5826,NISSAN,NEGRO,2019,X-TRAIL CLASSIC 4X4 2.5 MT,VEH. UTILITARIO,30-08-2019,2011,USO PARTICULAR,30-08-2024,
IBA5919,MAZDA,NEGRO,2019,BT-50 CD 4X2 STD GAS 2.2 FL,CAMIONETA,19-12-2019,2011,USO PARTICULAR,17-12-2024,
IBA7055,SUZUKI,PLATEADO,2019,GRAND VITARA SZ 2.0L 5P TM 4X2 FL,VEH. UTILITARIO,14-05-2019,2011,USO PARTICULAR,12-05-2024,
IBA7102,MAZDA,PLOMO,2020,BT-50 CD 4X2 STD GAS 2.2 FL,CAMIONETA,04-03-2020,2011,USO PARTICULAR,31-03-2025,
IBA7185,KIA,PLATEADO,2018,SPORTAGE R 2.0L 4X2 GSL MT,VEH. UTILITARIO,13-06-2018,2011,USO PARTICULAR,12-06-2023,
IBA7402,GREAT WALL,BLANCO,2018,WINGLE CD 4X2 SEMIFULL GAS 2.2,CAMIONETA,26-03-2018,2011,USO PARTICULAR,14-09-2024,
IBA7469,KIA,PLATEADO,2017,PICANTO FL LX 1.1L AC,AUTOMOVIL,30-01-2017,2011,USO PARTICULAR,30-10-2023,
IBA7874,KIA,NEGRO,2018,RIO 1.4L LX 5P AC,AUTOMOVIL,06-04-2018,2011,USO PARTICULAR,05-04-2023,
IBA8192,CHEVROLET,PLOMO,2020,GRAND VITARA 2.0L 5P DLX TM 4X2,VEH. UTILITARIO,06-08-2020,2011,USO PARTICULAR,05-08-2025,
IBA8624,HYUNDAI,DORADO,2017,H1 2.5 DSL TM 12 PASAJEROS,CAMIONETA,20-06-2017,2011,USO PARTICULAR,19-06-2022,
IBA9567,CHEVROLET,BLANCO,2020,AVEO EMOTION 1.6L GLS,AUTOMOVIL,13-10-2020,2011,USO PARTICULAR,31-08-2025,
HE712C,TUNDRA,NEGRO,2017,TD250GY-4Q,MOTOCICLETA,21-03-2017,2012,USO PARTICULAR,20-03-2022,
HE901F,BAJAJ,NEGRO,2020,PULSAR 200 NS,MOTOCICLETA,29-07-2020,2016,USO PARTICULAR,31-05-2021,
HE938F,BAJAJ,NEGRO,2019,PULSAR 200 NS,MOTOCICLETA,13-02-2019,2016,USO PARTICULAR,12-02-2024,
HE954F,LONCIN,ROJO,2018,LX250-11,MOTOCICLETA,25-10-2018,2015,USO PARTICULAR,24-10-2023,
HJ907J,GALARDI,ROJO,2018,GL250ATV,MOTOCICLETA,08-05-2018,2013,USO PARTICULAR,07-05-2023,
HK933M,ORION,AZUL,2017,FX-200R,MOTOCICLETA,19-10-2017,2013,USO PARTICULAR,18-10-2022,
HM418H,ORION,ROJO,2017,STORM,MOTOCICLETA,18-01-2017,2012,USO PARTICULAR,30-12-2021,
HM442H,SUKIDA,ROJO,2017,SKR 200S,MOTOCICLETA,05-04-2017,2012,USO PARTICULAR,04-04-2022,
HN170V,SHINERAY,ROJO,2017,XY200GY-6I,MOTOCICLETA,31-01-2017,2012,USO PARTICULAR,30-01-2022,
HN455G,MOTOR UNO,AZUL,2017,M1R200,MOTOCICLETA,07-04-2017,2012,USO PARTICULAR,06-04-2022,
HN516S,MOTOR UNO,ROJO,2017,M1R200,MOTOCICLETA,28-07-2017,2013,USO PARTICULAR,27-07-2022,
HN635Z,YAMAHA,NEGRO,2019,FZ 16,MOTOCICLETA,25-03-2019,2014,USO PARTICULAR,30-06-2024,
HN801J,MOTOR UNO,ANARANJADO,2019,TRAIL 200,MOTOCICLETA,04-12-2019,2012,USO PARTICULAR,02-12-2024,
HN895A,HONDA,NEGRO,2017,XR125LEKC,MOTOCICLETA,22-06-2017,2013,USO ESTATAL,21-06-2022,
HN935C,SUZUKI,NEGRO,2013,DL650,MOTOCICLETA,21-09-2013,2013,USO PARTICULAR,01-08-2021,
HO127R,ORION,AZUL,2017,RX 200R,MOTOCICLETA,08-09-2017,2012,USO PARTICULAR,07-09-2022,
HO241R,BAJAJ,ROJO,2017,PULSAR 135 LS,MOTOCICLETA,01-02-2017,2013,USO PARTICULAR,06-10-2024,
HO365W,BAJAJ,AZUL,2018,PULSAR 220 F,MOTOCICLETA,17-08-2018,2012,USO PARTICULAR,16-08-2023,
HO378W,SUZUKI,PLOMO,2017,GD110,MOTOCICLETA,18-09-2017,2012,USO PARTICULAR,17-09-2022,
HO857L,SUZUKI,AZUL,2019,GN125,MOTOCICLETA,18-07-2019,2012,USO PARTICULAR,16-07-2024,
HOM0724,HYUNDAI,AZUL,2017,GETZ GL GXX 5D TM DB496,AUTOMOVIL,23-05-2017,2009,USO PARTICULAR,22-05-2022,
HOM0921,NISSAN DIESEL,AMARILLO,2016,CWB459HDLB,VEHICULO ESPECIAL,21-03-2016,2009,USO PUBLICO, ,
HP653Y,TUNDRA,AZUL,2017,TD250GY-4F,MOTOCICLETA,01-06-2017,2012,USO PARTICULAR,31-05-2022,
HP659Y,RANGER,NEGRO,2017,200GY-8,MOTOCICLETA,06-11-2017,2013,USO PARTICULAR,31-10-2022,
HP866D,TUNDRA,AZUL,2016,TD250GY-4F,MOTOCICLETA,01-07-2016,2012,USO PARTICULAR,07-07-2024,
HQ926B,TUNDRA,AZUL,2017,TD250GY-4F,MOTOCICLETA,25-09-2017,2012,USO PARTICULAR,17-11-2024,
HR257I,MOTOR UNO,NEGRO,2016,M1R250,MOTOCICLETA,27-10-2016,2012,USO PARTICULAR,09-09-2023,
HT644V,MOTOR UNO,VERDE,2018,ROCKET 250 DG,MOTOCICLETA,24-05-2018,2012,USO PARTICULAR,23-05-2023,
HU167S,HONDA,NEGRO,2017,CGX125SHC,MOTOCICLETA,14-08-2017,2013,USO PARTICULAR,15-05-2023,
HU566A,TUNDRA,AZUL,2019,TD250GY-4F,MOTOCICLETA,28-06-2019,2014,USO PARTICULAR,26-06-2024,
HU609A,RANGER,ROJO,2019,200-6,MOTOCICLETA,28-10-2019,2014,USO PARTICULAR,26-10-2024,
HU699A,BAJAJ,AZUL,2019,PULSAR 135 LS,MOTOCICLETA,05-11-2019,2014,USO PARTICULAR,03-11-2024,
HU762A,TUNDRA,PLATEADO,2019,TD200-3AA9,MOTOCICLETA,06-03-2019,2014,USO PARTICULAR,31-03-2024,
HW813V,BAJAJ,AZUL,2017,BOXER BM125 KS,MOTOCICLETA,27-12-2017,2011,USO PARTICULAR,31-12-2017,
HZ442Z,TRAXX,NEGRO,2017,TX150-5BQ,MOTOCICLETA,16-03-2017,2012,USO PARTICULAR,15-03-2022,
IA284O,BAJAJ,ROJO,2019,PULSAR 200 NS,MOTOCICLETA,13-06-2019,2014,USO PARTICULAR,31-05-2024,
IAK0770,HINO,AZUL,2016,FG1JPUZ,AUTOBUS,20-10-2016,2010,USO PUBLICO,19-10-2021,
IB186M,SUKIDA,ROJO,2018,SKR 200S,MOTOCICLETA,15-08-2018,2014,USO PARTICULAR,31-07-2023,
IB229M,LONCIN,AZUL,2018,BWS175,MOTOCICLETA,17-05-2018,2014,USO PARTICULAR,16-05-2023,
IB296M,RANGER,VERDE,2018,XY200GY-9,MOTOCICLETA,27-07-2018,2010,USO PARTICULAR,31-07-2023,
IB679M,SUKIDA,NEGRO,2018,STIFF 150,MOTOCICLETA,20-02-2018,2015,USO PARTICULAR,19-02-2023,
IBA1063,CHEVROLET,NEGRO,2013,AVEO ACTIVO 1.6L 4P AC,AUTOMOVIL,12-04-2013,2009,USO PARTICULAR, ,
IBA2522,HYUNDAI,BLANCO,2019,GETZ 5P 1.6 AC,AUTOMOVIL,05-08-2019,2009,USO PARTICULAR,03-08-2024,
IBA1096,HINO,BLANCO,2017,XZU423L-HKMRD3,CAMION,13-10-2017,2009,USO PARTICULAR,12-10-2022,
IBA1441,MAZDA,NEGRO,2019,BT-50 CD 4X2 STD GAS 2.2 FL,CAMIONETA,24-10-2019,2010,USO PARTICULAR,22-10-2024,
IBA2060,KIA,ROJO,2017,RIO 1.4L LX 4P,AUTOMOVIL,05-09-2017,2010,USO PARTICULAR,05-03-2025,
IBA2837,CHEVROLET,DORADO,2019,AVEO EMOTION 1.6L STD,AUTOMOVIL,22-02-2019,2010,USO PARTICULAR,21-02-2024,
IBA2872,CHEVROLET,AMARILLO,2017,AVEO ACTIVO 1.6L 4P AC,AUTOMOVIL,23-06-2017,2010,USO PUBLICO,17-04-2023,
IBA4809,TOYOTA,AZUL,2020,ETT HILUX 4X2 CD,CAMIONETA,06-10-2020,2010,USO PARTICULAR,31-10-2025,
IBA5088,RENAULT,CREMA,2016,SANDERO 1.6 MT EXPRESSION,AUTOMOVIL,19-12-2016,2011,USO PARTICULAR,18-12-2021,
IBA5335,KIA,PLOMO,2019,RIO 1.4L LX 4P AC,AUTOMOVIL,11-11-2019,2011,USO PARTICULAR,09-11-2024,
IBA5793,NISSAN,AMARILLO,2018,SENTRA 1.6 M/T,AUTOMOVIL,14-05-2018,2011,USO PUBLICO,13-05-2023,
IBA6532,GREAT WALL,BLANCO,2019,WINGLE CD 4X2 SEMIFULL GAS 2.2,CAMIONETA,05-09-2019,2011,USO PARTICULAR,03-09-2024,
IBA8061,CHEVROLET,PLOMO,2016,AVEO FAMILY 1.5L TM STD,AUTOMOVIL,25-02-2016,2011,USO PARTICULAR,23-11-2022,
IBA8530,HYUNDAI,AZUL,2016,I10 5DR 1.1,AUTOMOVIL,25-02-2016,2011,USO PARTICULAR,23-02-2021,
IBB1416,GREAT WALL,VINO,2018,WINGLE CD 4X2 SEMIFULL DIESEL 2.8,CAMIONETA,30-07-2018,2012,USO PARTICULAR,23-11-2024,
IBB1433,CHEVROLET,DORADO,2020,N200 VAN PASAJEROS 1.2L TM,CAMIONETA,09-09-2020,2012,USO PARTICULAR,08-09-2025,
IBB2534,CHEVROLET,BLANCO,2017,AVEO ACTIVO 1.6L 4P STD,AUTOMOVIL,19-07-2017,2012,USO PARTICULAR,18-07-2022,
IBB2587,HYUNDAI,PLOMO,2018,TUCSON IX 5P 4X2 2.0 TM STD,VEH. UTILITARIO,11-10-2018,2012,USO PARTICULAR,10-10-2023,
IBB6656,CHEVROLET,ROJO,2018,AVEO FAMILY AC TM 1.5 4P 4X2,AUTOMOVIL,27-07-2018,2013,USO PARTICULAR,26-07-2023,
IBB8187,KIA,PLATEADO,2017,PICANTO R TM 0.99 5P 4X2,AUTOMOVIL,20-10-2017,2013,USO PARTICULAR,19-11-2024,
IBB8467,HYUNDAI,PLOMO,2017,H1 12PAS TM 2.5 5P 4X2,CAMIONETA,04-12-2017,2013,USO PARTICULAR,03-12-2022,
IBB9447,MAZDA,VINO,2017,BT-50 STD FL 2.2 CD 4X2 TM,CAMIONETA,21-09-2017,2014,USO PARTICULAR,20-09-2022,
IBC2193,CHEVROLET,BLANCO,2017,NLR 55E 2.8 2P 4X2 TM DIESEL,CAMION,19-09-2017,2014,USO PARTICULAR,18-09-2022,
IBC3814,TOYOTA,PLOMO,2018,FORTUNER AC 2.7 5P 4X4 TM,VEH. UTILITARIO,01-06-2018,2015,USO PARTICULAR,31-05-2023,
IBC3933,CHEVROLET,BLANCO,2019,NLR 55E 2.8 2P 4X2 TM DIESEL CN,CAMION,12-07-2019,2015,USO PARTICULAR,30-04-2024,
IBC3992,CHEVROLET,NEGRO,2018,GRAND VITARA STD 2.0 5P 4X2 TM,VEH. UTILITARIO,17-04-2018,2015,USO PARTICULAR,16-04-2023,
IBC5592,CHEVROLET,ROJO,2018,D-MAX CRDI 3.0 CD 4X2 TM DIESEL,CAMIONETA,16-03-2018,2015,USO PUBLICO,15-03-2023,
IBC5700,CHEVROLET,BLANCO,2018, NPR 75H 5.2 2P 4X2 TM DIESEL CN,CAMION,19-12-2018,2015,USO PARTICULAR,30-11-2023,
IBC6792,CHEVROLET,DORADO,2019,N300 MOVE PASAJEROS FULL AC 1.2 5P 4X2 TM,CAMIONETA,16-07-2019,2015,USO PARTICULAR,14-07-2024,
IBC8698,CHEVROLET,AMARILLO,2016,AVEO EMOTION ADVANCE GLS AC 1.6 4P 4X2 TM,AUTOMOVIL,21-09-2016,2016,USO PUBLICO,20-09-2021,
IBC8964,KIA,PLOMO,2018,SPORTAGE R LX 2.0 5P 4X2 TM,VEH. UTILITARIO,19-01-2018,2016,USO PARTICULAR,18-01-2023,
IBC9523,CHEVROLET,PLATEADO,2017,AVEO EMOTION GLS AC 1.6 4P 4X2 TM,AUTOMOVIL,31-10-2017,2017,USO PARTICULAR,30-10-2022,
IBD1199,CHEVROLET,NEGRO,2017,SPARK LIFE 1.0 5P 4X2 TM,AUTOMOVIL,09-05-2017,2016,USO PARTICULAR,08-05-2022,
IBD1981,CHEVROLET,BLANCO,2018,D-MAX CRDI FULL AC 3.0 CD 4X4 TM DIESEL,CAMIONETA,18-04-2018,2017,USO PARTICULAR,17-04-2023,
IBD2011,HYUNDAI,PLATEADO,2017,TUCSON TL AC 2.0 5P 4X2 TM,VEH. UTILITARIO,06-04-2017,2016,USO PARTICULAR,05-04-2022,
IBD2420,TOYOTA,BLANCO, ,NEW HILUX 2.4 CD 4X4 TM DIESEL,CAMION, ,2017,USO PARTICULAR, ,
IBD2525,CHEVROLET,ROJO,2016,AVEO EMOTION ADVANCE GLS AC 1.6 4P 4X2 TM,AUTOMOVIL,19-12-2016,2017,USO PARTICULAR,22-12-2024,
IBD3898,HYUNDAI,ROJO,2018,GRAND I10 HB AC 1.2 5P 4X2 TM,AUTOMOVIL,11-04-2018,2018,USO PARTICULAR,10-04-2023,
IBD4963,TOYOTA,ROJO,2019,HILUX 2.7 CD 4X2 TM,CAMIONETA,07-03-2019,2018,USO PARTICULAR,05-03-2024,
IBD6569,SUZUKI,PLOMO,2018,SCROSS AC 1.6 5P 4X2 TM,AUTOMOVIL,11-04-2018,2019,USO PARTICULAR,10-04-2023,
IBD6657,CHEVROLET,ROJO,2018,SPARK GT AC 1.2 5P 4X2 TM,AUTOMOVIL,19-04-2018,2019,USO PARTICULAR,18-04-2023,
IBD6846,CHEVROLET,PLATEADO,2018,SPARK GT AC 1.2 5P 4X2 TM,AUTOMOVIL,08-05-2018,2019,USO PARTICULAR,07-05-2023,
IBD7033,KIA,CELESTE,2018,PICANTO EX AC 1.2 4P 4X2 TM,AUTOMOVIL,23-05-2018,2019,USO PARTICULAR,22-05-2023,
IBD7078,GREAT WALL,BLANCO,2020,WINGLE AC 2.8 CD 4X2 TM DIESEL,CAMIONETA,24-01-2020,2018,USO PUBLICO,30-09-2025,
IBD7191,KIA,BLANCO,2018,PICANTO LX AC 1.2 4P 4X2 TM,AUTOMOVIL,08-06-2018,2019,USO PARTICULAR,07-06-2023,
IBD7192,SUZUKI,AZUL,2018,SCROSS AC 1.6 5P 4X2 TM,AUTOMOVIL,08-06-2018,2019,USO PARTICULAR,07-06-2023,
IBD7324,CHEVROLET,VINO,2018,SAIL LTZ AC 1.4 5P 4X2 TM,AUTOMOVIL,19-06-2018,2019,USO PARTICULAR,18-06-2023,
IBD7358,RENAULT,PLATEADO,2018,SANDERO STEPWAY AC 1.6 4P 4X2 TM,AUTOMOVIL,21-06-2018,2019,USO PARTICULAR,20-06-2023,
IBD7487,KIA,NEGRO,2018,PICANTO LX 1.2 4P 4X2 TM,AUTOMOVIL,03-07-2018,2019,USO PARTICULAR,02-07-2023,
IBD7554,CHEVROLET,BLANCO,2018,SAIL LT AC 1.5 4P 4X2 TM,AUTOMOVIL,15-05-2018,2018,USO PARTICULAR,14-05-2023,
IC176D,LONCIN,AMARILLO,2019,JL200-II,MOTOCICLETA,15-08-2019,2013,USO PARTICULAR,13-08-2024,
IC574D,SUZUKI,NEGRO,2019,GD110,MOTOCICLETA,28-05-2019,2015,USO PARTICULAR,31-05-2024,
ICN0635,TOYOTA,BLANCO,2018,BPT HILUX 4X4 CD AA,CAMIONETA,23-05-2018,2009,USO PARTICULAR,30-06-2023,
IF035I,Z1,PLATEADO,2019,BROTHER 250R,MOTOCICLETA,21-03-2019,2015,USO PARTICULAR,30-06-2024,
IF711K,LONCIN,BLANCO,2016,LX250-11,MOTOCICLETA,02-06-2016,2015,USO PARTICULAR,01-06-2021,
IG444E,SHINERAY,NEGRO,2020,XY200GY-6I,MOTOCICLETA,14-08-2020,2015,USO PARTICULAR,31-05-2025,
IGN0921,CHEVROLET,BLANCO,2020,NKR II CHASIS CABINADO,CAMION,04-03-2020,2010,USO PARTICULAR,03-03-2025,
IH328Y,SUZUKI,ROJO,2015,GS150R,MOTOCICLETA,14-12-2015,2016,USO PARTICULAR,22-05-2023,
IH334B,DAYTONA,ROJO,2016,DY150 DELTA,MOTOCICLETA,19-01-2016,2016,USO PARTICULAR,17-01-2021,
IH694B,SUKIDA,ROJO,2019,STIFF 150,MOTOCICLETA,24-06-2019,2015,USO PARTICULAR,22-06-2024,
IH694D,DUKARE,AZUL,2020,DK125-10,MOTOCICLETA,31-10-2020,2016,USO PARTICULAR,24-04-2021,
II541V,MOTOR UNO,ANARANJADO,2016,SK200 FX200,MOTOCICLETA,01-03-2016,2016,USO PARTICULAR,28-02-2021,
IJ282B,LONCIN,NEGRO,2017,JL150-23,MOTOCICLETA,18-05-2017,2014,USO PARTICULAR,17-05-2022,
IJ457O,DAYTONA,ROJO,2016,DY150 S1,MOTOCICLETA,14-04-2016,2016,USO PARTICULAR,13-04-2021,
IK024D,AXXO,ROJO,2018,NITRO 200,MOTOCICLETA,15-05-2018,2016,USO PARTICULAR,14-05-2023,
IK541D,DUKARE,ROJO,2019,DK200,MOTOCICLETA,25-06-2019,2016,USO PARTICULAR,23-06-2024,
IK670C,THUNDER,NEGRO,2017,TRS250R,MOTOCICLETA,06-05-2017,2016,USO PARTICULAR,05-05-2022,
IL064K,AXXO,NEGRO,2018,NITRO 200,MOTOCICLETA,09-05-2018,2016,USO PARTICULAR,08-05-2023,
